record_id,series_id,method,picture_id,magnification,image_status,classification_reason,edge_strength,diagonal_ratio,corner_radius_cv,min_corner_angle_deg,circularity,ellipse_axis_ratio,radial_cv,diameter_direction_range_4_um,python_minus_manual_relative_percent,python_minus_automatic_relative_percent
Vickers|293-250|HV 3|1|row3,Vickers|SN=293-250|scale=HV 3|F=29.43N|mag=20X,Vickers,293-250_160_HV_3_1_20X,20X,conditionally reliable,all configured image checks passed; elevated agreement difference,132.83447265625,1.0143133480286848,0.08667518282313239,48.09673544545985,0.12553472741351376,,,,3.8251981935282595,3.5885050100239457
Vickers|294-367|HV 3|1|row6,Vickers|SN=294-367|scale=HV 3|F=29.43N|mag=20X,Vickers,294-367_300_HV_3_1_20X,20X,rejected,all configured image checks passed; excessive agreement difference,61.611690521240234,1.1733058319631244,0.058921218543945504,50.174403377901236,0.13784025067104783,,,,28.257537750544177,28.192393057591694
Vickers|294-481|HV 3|1|row9,Vickers|SN=294-481|scale=HV 3|F=29.43N|mag=20X,Vickers,294_481_503_HV_3_1_20X,20X,rejected,all configured image checks passed; excessive agreement difference,22.671567916870117,1.0307214246908702,0.06670121268839325,67.05576248438963,0.12992118316244,,,,47.194509510202444,46.85503045434459
Vickers|216-610|HV 3|1|row12,Vickers|SN=216-610|scale=HV 3|F=29.43N|mag=50X,Vickers,216-610_701_HV_3_1_50X,50X,rejected,all configured image checks passed; excessive agreement difference,90.32637023925781,1.004833122565286,0.13692829865780098,51.9658360289683,0.27538872320261143,,,,-167.76970350980918,-167.58986497268504
Vickers|221-101|HV 3|1|row15,Vickers|SN=221-101|scale=HV 3|F=29.43N|mag=50X,Vickers,221-101_898_HV_3_1_50X,50X,reliable,all configured image checks passed,26.076810836791992,1.0005862703239727,0.05586906231612164,80.90020656963063,0.4428491839743297,,,,1.6616127075030223,1.9643128493043114
Vickers|294-481|HV 20|1|row24,Vickers|SN=294-481|scale=HV 20|F=196.2N|mag=20X,Vickers,294_481_503_HV_20_1_20X,20X,rejected,No suitable indentation contour detected,,,,,,,,,,
Vickers|216-610|HV 20|1|row27,Vickers|SN=216-610|scale=HV 20|F=196.2N|mag=20X,Vickers,216-610_701_HV_20_1_20X,20X,reliable,all configured image checks passed,171.7323455810547,1.0034152071961895,0.05773426336767483,82.08938401795449,0.585712968885399,,,,0.05849520761604698,0.05959304576708031
Vickers|221-101|HV 20|1|row30,Vickers|SN=221-101|scale=HV 20|F=196.2N|mag=20X,Vickers,221-101_898_HV_20_1_20X,20X,conditionally reliable,all configured image checks passed; elevated agreement difference,17.029386520385742,1.003316164340488,0.04408305110489385,82.23675795307922,0.4963944371515983,,,,2.35329283189468,2.316794975883297
Micro-Vickers|710-404|HV 0.05|1|row3,Micro-Vickers|SN=710-404|scale=HV 0.05|F=0.4905N|mag=50X,Micro-Vickers,710-404_39.6_HMV_0.05_1_50X,50X,rejected,all configured image checks passed; excessive agreement difference,96.78842163085938,1.2441613346556553,0.2727051660917449,75.76374838702537,0.27822411905253824,,,,18.864044008507648,18.499279428296216
Micro-Vickers|711-081|HV 0.05|1|row6,Micro-Vickers|SN=711-081|scale=HV 0.05|F=0.4905N|mag=50X,Micro-Vickers,711-081_102_HMV_0.05_1_50X,50X,rejected,all configured image checks passed; excessive agreement difference,55.1180419921875,1.057715085903392,0.20763603516236925,58.181177124601795,0.069678897337219,,,,55.101716789180664,54.99833633302952
Micro-Vickers|710-655|HV 0.05|1|row9,Micro-Vickers|SN=710-655|scale=HV 0.05|F=0.4905N|mag=50X,Micro-Vickers,710-655_197_HMV_0.05_1_50X,50X,rejected,all configured image checks passed; excessive agreement difference,100.06492614746094,1.0615034978898872,0.18613417209572422,47.546422376658846,0.22743509836569312,,,,26.157983132219513,25.86597303598935
Micro-Vickers|711-081|HV 0.5|1|row12,Micro-Vickers|SN=711-081|scale=HV 0.5|F=4.905N|mag=50X,Micro-Vickers,711-081_102_HMV_0.5_1_50X,50X,rejected,No suitable indentation contour detected,,,,,,,,,,
Micro-Vickers|706-437|HV 0.5|1|row15,Micro-Vickers|SN=706-437|scale=HV 0.5|F=4.905N|mag=50X,Micro-Vickers,706-437_307_HMV_0.5_1_50X,50X,conditionally reliable,all configured image checks passed; elevated agreement difference,105.80169677734375,1.0630552656656522,0.06296484615729889,54.65863161684066,0.23644140163508306,,,,-2.454048349181888,-2.2418646385264087
Micro-Vickers|711-246|HV 0.5|1|row18,Micro-Vickers|SN=711-246|scale=HV 0.5|F=4.905N|mag=50X,Micro-Vickers,711-246_502_HMV_0.5_1_50X,50X,rejected,all configured image checks passed; excessive agreement difference,29.291316986083984,1.1028123038545552,0.15023904872048732,67.93034981412379,0.05497161303107629,,,,45.18829623849256,44.83039096842589
Micro-Vickers|710-106|HV 0.5|1|row21,Micro-Vickers|SN=710-106|scale=HV 0.5|F=4.905N|mag=50X,Micro-Vickers,710-106_708_HMV_0.5_1_50X,50X,rejected,all configured image checks passed; excessive agreement difference,30.951507568359375,1.1269174993942714,0.04666655638776542,45.02313082301381,0.3808423358605527,,,,-10.380694182474201,-9.594374262820496
Micro-Vickers|709-293|HV 0.5|1|row24,Micro-Vickers|SN=709-293|scale=HV 0.5|F=4.905N|mag=50X,Micro-Vickers,709-293_904_HMV_0.5_1_50X,50X,rejected,all configured image checks passed; excessive agreement difference,35.930267333984375,1.0746733116497056,0.0648418233750368,77.16655587538908,0.5840602984036448,,,,8.202314177765782,7.785059290651956
Micro-Vickers|711-081|HV 1|1|row27,Micro-Vickers|SN=711-081|scale=HV 1|F=9.81N|mag=20X,Micro-Vickers,711-081_102_HMV_1_1_20X,20X,rejected,No suitable indentation contour detected,,,,,,,,,,
Micro-Vickers|706-437|HV 1|1|row30,Micro-Vickers|SN=706-437|scale=HV 1|F=9.81N|mag=50X,Micro-Vickers,706-437_307_HMV_1_1_50X,50X,rejected,all configured image checks passed; excessive agreement difference,62.2414665222168,1.0481005528437315,0.1816365427109676,84.63324480070696,0.13256917726892564,,,,-121.55994779138906,-121.3867703470829
Micro-Vickers|706-437|HV 1|2|row31,Micro-Vickers|SN=706-437|scale=HV 1|F=9.81N|mag=50X,Micro-Vickers,706-437_307_HMV_1_2_50X,50X,rejected,all configured image checks passed; excessive agreement difference,74.0,1.1084480174204516,0.3479678631337499,60.722233534985875,0.06897113553909019,,,,-94.25413191602256,-93.7899987925335
Micro-Vickers|711-246|HV 1|1|row33,Micro-Vickers|SN=711-246|scale=HV 1|F=9.81N|mag=50X,Micro-Vickers,711-246_502_HMV_1_1_50X,50X,rejected,all configured image checks passed; excessive agreement difference,29.732135772705078,1.0602271146524311,0.04361854407778579,50.424638096548094,0.07473876875328923,,,,35.39206298813371,35.359460950264406
Micro-Vickers|711-246|HV 1|3|row35,Micro-Vickers|SN=711-246|scale=HV 1|F=9.81N|mag=50X,Micro-Vickers,711-246_502_HMV_1_3_50X,50X,rejected,all configured image checks passed; excessive agreement difference,90.24411010742188,1.3795354741989236,0.11866873008089444,45.76853869117409,0.11133646577403825,,,,10.427070946780848,10.615633217533821
Micro-Vickers|710-106|HV 1|1|row36,Micro-Vickers|SN=710-106|scale=HV 1|F=9.81N|mag=50X,Micro-Vickers,710-106_708_HMV_1_1_50X,50X,rejected,all configured image checks passed; excessive agreement difference,50.9215087890625,1.111224213118306,0.07933117682450323,50.017670432831714,0.16435540347048475,,,,12.394476623603923,13.109570124898006
Micro-Vickers|709-293|HV 1|1|row39,Micro-Vickers|SN=709-293|scale=HV 1|F=9.81N|mag=50X,Micro-Vickers,709-293_904_HMV_1_1_50X,50X,conditionally reliable,all configured image checks passed; elevated agreement difference,26.68332862854004,1.0043939683135599,0.055336672086439324,80.01141674614128,0.5422538286084831,,,,0.4639294599739867,2.2761243248100866
Micro-Vickers|711-081|HV 2|1|row42,Micro-Vickers|SN=711-081|scale=HV 2|F=19.62N|mag=20X,Micro-Vickers,711-081_102_HMV_2_1_20X,20X,rejected,No suitable indentation contour detected,,,,,,,,,,
Micro-Vickers|706-437|HV 2|1|row45,Micro-Vickers|SN=706-437|scale=HV 2|F=19.62N|mag=20X,Micro-Vickers,706-437_307_HMV_2_1_50X,20X,rejected,all configured image checks passed; excessive agreement difference,69.065185546875,1.0312810046460856,0.17614102581934457,58.467414730282016,0.2995496446465295,,,,-151.81156521924734,-151.8301006904448
Micro-Vickers|711-246|HV 2|1|row48,Micro-Vickers|SN=711-246|scale=HV 2|F=19.62N|mag=50X,Micro-Vickers,711-246_502_HMV_2_1_50X,50X,rejected,opposite-corner consistency failed; unstable radial corner geometry; excessive agreement difference,78.52384185791016,4.008574500729281,0.5946575401997855,55.861556826616976,0.23705016948949448,,,,-164.1074913360348,-164.0653828793189
Micro-Vickers|710-106|HV 2|1|row51,Micro-Vickers|SN=710-106|scale=HV 2|F=19.62N|mag=50X,Micro-Vickers,710-106_708_HMV_2_1_50X,50X,rejected,all configured image checks passed; excessive agreement difference,49.33558654785156,1.0175260408115434,0.07805518187280987,51.988799603459086,0.13215962718077276,,,,6.49918555136856,6.55775483988564
Micro-Vickers|709-293|HV 2|1|row54,Micro-Vickers|SN=709-293|scale=HV 2|F=19.62N|mag=50X,Micro-Vickers,709-293_904_HMV_2_1_50X,50X,conditionally reliable,all configured image checks passed; elevated agreement difference,30.5941162109375,1.0062791008531604,0.11441325437832674,72.68685455801017,0.42071921878843616,,,,2.603719116049433,2.466385538301349
Brinell|293-250|HBW 1/5|1|row3,Brinell|SN=293-250|scale=HBW 1/5|F=49.05N|ball=1mm|mag=20X,Brinell,100_HBW_1_5_1_20X,20X,rejected,incomplete contour touches image boundary; large radial residual variation; excessive agreement difference,,,,,0.780110538681347,1.2033294226745415,0.12343622976055561,118.01420080823601,12.071231380414776,11.419077994035863
Brinell|294-367|HBW 1/5|1|row6,Brinell|SN=294-367|scale=HBW 1/5|F=49.05N|ball=1mm|mag=20X,Brinell,300_HBW_1_5_1_20X,20X,rejected,incomplete contour touches image boundary; large radial residual variation; excessive agreement difference,,,,,0.780110538681347,1.2033294226745415,0.12343622976055561,118.01420080823601,42.49135518939886,41.94021926142234
Brinell|290-736|HBW 1/5|1|row9,Brinell|SN=290-736|scale=HBW 1/5|F=49.05N|ball=1mm|mag=20X,Brinell,600_HBW_1_5_1_20X,20X,rejected,incomplete contour touches image boundary; large radial residual variation; excessive agreement difference,,,,,0.780110538681347,1.2033294226745415,0.12343622976055561,118.01420080823601,68.99247778796682,67.88758629922427
