series_id,method,source,serial_number,hardness_scale,hardness_level,applied_force_n,ball_diameter_mm,magnification,n,mean_dimension_um,sd_dimension_um,cv_percent,range_dimension_um,mean_d1_minus_d2_um,mean_abs_d1_minus_d2_um
Brinell|SN=290-736|scale=HBW 1/30|F=294.3N|ball=1mm|mag=20X,Brinell,manual,290-736,HBW 1/30,1,294.3,1.0,20X,3,254.9415,0.35074599071122775,0.13757900958111088,0.609499999999997,-0.2696666666666753,0.4103333333333315
Brinell|SN=290-736|scale=HBW 1/30|F=294.3N|ball=1mm|mag=20X,Brinell,automatic,290-736,HBW 1/30,1,294.3,1.0,20X,3,255.40533333333335,0.971739719952479,0.38046962734495715,1.7084999999999866,0.766666666666661,1.1186666666666554
Brinell|SN=290-736|scale=HBW 1/5|F=49.05N|ball=1mm|mag=20X,Brinell,manual,290-736,HBW 1/5,1,49.05,1.0,20X,3,116.99216666666666,1.9328975873887742,1.6521598346801918,3.4065000000000083,-0.5676666666666629,0.5690000000000026
Brinell|SN=290-736|scale=HBW 1/5|F=49.05N|ball=1mm|mag=20X,Brinell,automatic,290-736,HBW 1/5,1,49.05,1.0,20X,3,117.92666666666666,1.8837035550567203,1.59735164937819,3.6539999999999964,0.08066666666665867,0.9693333333333337
Brinell|SN=293-250|scale=HBW 1/30|F=294.3N|ball=1mm|mag=20X,Brinell,manual,293-250,HBW 1/30,1,294.3,1.0,20X,3,464.74,0.40472614197752554,0.0870865735631806,0.785000000000025,0.3499999999999848,1.6360000000000052
Brinell|SN=293-250|scale=HBW 1/30|F=294.3N|ball=1mm|mag=20X,Brinell,automatic,293-250,HBW 1/30,1,294.3,1.0,20X,3,466.62000000000006,0.9328043739177178,0.19990664221801843,1.712000000000046,1.1379999999999957,2.359333333333325
Brinell|SN=293-250|scale=HBW 1/5|F=49.05N|ball=1mm|mag=20X,Brinell,manual,293-250,HBW 1/5,1,49.05,1.0,20X,3,210.4625,1.1730256817308,0.5573561474043119,2.1895000000000095,-0.3236666666666584,0.9736666666666736
Brinell|SN=293-250|scale=HBW 1/5|F=49.05N|ball=1mm|mag=20X,Brinell,automatic,293-250,HBW 1/5,1,49.05,1.0,20X,3,211.88283333333334,0.7057716226466832,0.33309523548628683,1.2644999999999982,-0.5756666666666584,0.8189999999999978
Brinell|SN=294-367|scale=HBW 1/30|F=294.3N|ball=1mm|mag=20X,Brinell,manual,294-367,HBW 1/30,1,294.3,1.0,20X,3,350.66450000000003,1.1463851883202432,0.32691794815849423,2.2390000000000327,-0.4463333333333708,0.4463333333333708
Brinell|SN=294-367|scale=HBW 1/30|F=294.3N|ball=1mm|mag=20X,Brinell,automatic,294-367,HBW 1/30,1,294.3,1.0,20X,3,351.11016666666666,1.2352984794507564,0.3518264626679157,2.271000000000015,-0.5190000000000055,0.6130000000000185
Brinell|SN=294-367|scale=HBW 1/5|F=49.05N|ball=1mm|mag=20X,Brinell,manual,294-367,HBW 1/5,1,49.05,1.0,20X,3,154.5825,0.1855943156457201,0.12006166004930706,0.3645000000000209,-0.16233333333332212,0.6490000000000009
Brinell|SN=294-367|scale=HBW 1/5|F=49.05N|ball=1mm|mag=20X,Brinell,automatic,294-367,HBW 1/5,1,49.05,1.0,20X,3,155.18566666666666,0.38871336912091853,0.25048277812657865,0.7595000000000027,0.08200000000000311,0.39799999999999613
Brinell|SN=810-202|scale=HBW 10/3000|F=29430N|ball=10mm|mag=20X,Brinell,manual,810-202,HBW 10/3000,10,29430.0,10.0,20X,3,3804.916833333333,3.0005670019737165,0.07886025196889893,5.449000000000069,0.0823333333331296,1.2056666666667297
Brinell|SN=810-202|scale=HBW 10/3000|F=29430N|ball=10mm|mag=20X,Brinell,automatic,810-202,HBW 10/3000,10,29430.0,10.0,20X,3,3823.7331666666664,15.64607171411823,0.40918314725809357,30.829499999999825,-9.296333333333223,9.377666666666755
Brinell|SN=810-202|scale=HBW 10/500|F=4905N|ball=10mm|mag=20X,Brinell,manual,810-202,HBW 10/500,10,4905.0,10.0,20X,3,1686.2058333333334,1.1722131134454876,0.06951779493777624,2.16150000000016,-0.04033333333328907,0.4749999999999848
Brinell|SN=810-202|scale=HBW 10/500|F=4905N|ball=10mm|mag=20X,Brinell,automatic,810-202,HBW 10/500,10,4905.0,10.0,20X,3,1710.5186666666668,10.571080885289499,0.6180044153443612,20.765499999999975,-8.57466666666672,22.16199999999996
Brinell|SN=812-006|scale=HBW 10/3000|F=29430N|ball=10mm|mag=20X,Brinell,manual,812-006,HBW 10/3000,10,29430.0,10.0,20X,3,4840.787333333334,9.340456979362795,0.1929532602071783,18.532499999999345,-4.842666666666749,5.280666666666851
Brinell|SN=812-006|scale=HBW 10/3000|F=29430N|ball=10mm|mag=20X,Brinell,automatic,812-006,HBW 10/3000,10,29430.0,10.0,20X,3,4861.090999999999,16.80251923819716,0.3456532543455196,29.727999999999156,-4.7446666666667925,17.82066666666651
Brinell|SN=812-006|scale=HBW 10/500|F=4905N|ball=10mm|mag=20X,Brinell,manual,812-006,HBW 10/500,10,4905.0,10.0,20X,3,2203.133666666667,4.494990804588354,0.20402714881068734,8.481000000000222,0.05600000000004002,0.2746666666666897
Brinell|SN=812-006|scale=HBW 10/500|F=4905N|ball=10mm|mag=20X,Brinell,automatic,812-006,HBW 10/500,10,4905.0,10.0,20X,3,2234.308,5.537475485272808,0.24783850235835025,10.21599999999944,-0.6686666666666193,15.61333333333323
Brinell|SN=8301-50DW|scale=HBW 10/3000|F=29430N|ball=10mm|mag=20X,Brinell,manual,8301-50DW,HBW 10/3000,10,29430.0,10.0,20X,3,2649.166333333333,6.418227682415943,0.2422734881407073,11.27849999999944,-5.0673333333334085,5.0673333333334085
Brinell|SN=8301-50DW|scale=HBW 10/3000|F=29430N|ball=10mm|mag=20X,Brinell,automatic,8301-50DW,HBW 10/3000,10,29430.0,10.0,20X,3,2655.991833333333,7.5571527431523995,0.284532228160807,15.015000000000327,-1.8683333333331877,10.914333333333161
Brinell|SN=8301-50DW|scale=HBW 10/500|F=4905N|ball=10mm|mag=10X,Brinell,manual,8301-50DW,HBW 10/500,10,4905.0,10.0,10X,3,1204.3738333333333,1.33009833596361,0.11043899320548257,2.443499999999858,1.1236666666666981,1.1236666666666981
Brinell|SN=8301-50DW|scale=HBW 10/500|F=4905N|ball=10mm|mag=10X,Brinell,automatic,8301-50DW,HBW 10/500,10,4905.0,10.0,10X,3,1239.9103333333335,21.39485866588835,1.7255166031539657,39.87400000000025,23.276666666666642,40.62999999999996
Micro-Vickers|SN=706-437|scale=HV 0.5|F=4.905N|mag=50X,Micro-Vickers,manual,706-437,HV 0.5,0.5,4.905,,50X,3,53.95683333333333,0.19602061966367854,0.3632915565164966,0.37999999999999545,0.09033333333332887,0.09033333333332887
Micro-Vickers|SN=706-437|scale=HV 0.5|F=4.905N|mag=50X,Micro-Vickers,automatic,706-437,HV 0.5,0.5,4.905,,50X,3,54.00133333333334,0.2255157052919696,0.41761136507488,0.4140000000000015,-0.32200000000000034,0.3513333333333364
Micro-Vickers|SN=706-437|scale=HV 1|F=9.81N|mag=50X,Micro-Vickers,manual,706-437,HV 1,1,9.81,,50X,3,76.676,1.031269727084048,1.344970691068976,2.061000000000007,0.023333333333335798,1.0146666666666657
Micro-Vickers|SN=706-437|scale=HV 1|F=9.81N|mag=50X,Micro-Vickers,automatic,706-437,HV 1,1,9.81,,50X,3,76.3145,1.1524466365086135,1.5101280051741326,2.2975000000000136,-0.47100000000000364,1.2443333333333253
Micro-Vickers|SN=706-437|scale=HV 2|F=19.62N|mag=20X,Micro-Vickers,manual,706-437,HV 2,2,19.62,,20X,3,108.05383333333333,0.47771234371045374,0.4421058735017457,0.9415000000000049,-0.37366666666666504,0.37366666666666504
Micro-Vickers|SN=706-437|scale=HV 2|F=19.62N|mag=20X,Micro-Vickers,automatic,706-437,HV 2,2,19.62,,20X,3,108.08016666666667,0.4751016557888797,0.4395826454026067,0.897500000000008,-0.4856666666666645,0.4856666666666645
Micro-Vickers|SN=709-293|scale=HV 0.5|F=4.905N|mag=50X,Micro-Vickers,manual,709-293,HV 0.5,0.5,4.905,,50X,3,30.72733333333333,0.10140307358918339,0.3300093518990152,0.1905000000000001,-0.10933333333333313,0.3186666666666665
Micro-Vickers|SN=709-293|scale=HV 0.5|F=4.905N|mag=50X,Micro-Vickers,automatic,709-293,HV 0.5,0.5,4.905,,50X,3,30.750333333333334,0.2257013144253549,0.7339800579680055,0.4339999999999975,-0.16933333333333303,0.23133333333333303
Micro-Vickers|SN=709-293|scale=HV 1|F=9.81N|mag=50X,Micro-Vickers,manual,709-293,HV 1,1,9.81,,50X,3,45.110833333333325,0.10459724343085439,0.23186723831493783,0.2085000000000008,0.04366666666666674,0.16100000000000136
Micro-Vickers|SN=709-293|scale=HV 1|F=9.81N|mag=50X,Micro-Vickers,automatic,709-293,HV 1,1,9.81,,50X,3,44.38583333333333,0.2776735193231989,0.6255904158380841,0.5304999999999893,-0.1423333333333332,0.3043333333333346
Micro-Vickers|SN=709-293|scale=HV 2|F=19.62N|mag=50X,Micro-Vickers,manual,709-293,HV 2,2,19.62,,50X,3,63.25816666666666,0.39975940681031397,0.631949087169742,0.7995000000000019,-0.19633333333333525,0.3043333333333346
Micro-Vickers|SN=709-293|scale=HV 2|F=19.62N|mag=50X,Micro-Vickers,automatic,709-293,HV 2,2,19.62,,50X,3,63.17466666666667,0.608508901605666,0.9632166400123455,1.211500000000001,-0.20133333333333545,0.34600000000000125
Micro-Vickers|SN=710-106|scale=HV 0.5|F=4.905N|mag=50X,Micro-Vickers,manual,710-106,HV 0.5,0.5,4.905,,50X,3,35.11633333333334,0.17919984188981528,0.5103033969657479,0.3155000000000072,-0.021333333333333353,0.14600000000000316
Micro-Vickers|SN=710-106|scale=HV 0.5|F=4.905N|mag=50X,Micro-Vickers,automatic,710-106,HV 0.5,0.5,4.905,,50X,3,35.00333333333334,0.28565947093232164,0.8160921938834061,0.5600000000000023,-0.071999999999998,0.35199999999999915
Micro-Vickers|SN=710-106|scale=HV 1|F=9.81N|mag=50X,Micro-Vickers,manual,710-106,HV 1,1,9.81,,50X,3,50.34966666666667,0.3119584641155506,0.6195839709939501,0.6234999999999999,-0.13133333333333516,0.21599999999999872
Micro-Vickers|SN=710-106|scale=HV 1|F=9.81N|mag=50X,Micro-Vickers,automatic,710-106,HV 1,1,9.81,,50X,3,50.0255,0.29729446681699556,0.5942858478515868,0.5920000000000059,-0.1423333333333332,0.38833333333333303
Micro-Vickers|SN=710-106|scale=HV 2|F=19.62N|mag=50X,Micro-Vickers,manual,710-106,HV 2,2,19.62,,50X,3,70.80566666666667,0.07583589739254891,0.10710427704828085,0.15149999999999864,0.006666666666660603,0.2873333333333316
Micro-Vickers|SN=710-106|scale=HV 2|F=19.62N|mag=50X,Micro-Vickers,automatic,710-106,HV 2,2,19.62,,50X,3,70.5585,0.19165659393821435,0.2716279313452162,0.3814999999999884,0.2443333333333347,0.6350000000000003
Micro-Vickers|SN=710-404|scale=HV 0.05|F=0.4905N|mag=50X,Micro-Vickers,manual,710-404,HV 0.05,0.05,0.4905,,50X,3,43.33583333333333,1.0385035307274304,2.396408355042818,2.0250000000000057,0.8083333333333348,0.8083333333333348
Micro-Vickers|SN=710-404|scale=HV 0.05|F=0.4905N|mag=50X,Micro-Vickers,automatic,710-404,HV 0.05,0.05,0.4905,,50X,3,43.47233333333333,1.0312149792033336,2.3721178509013403,2.0279999999999987,0.6179999999999998,0.6179999999999998
Micro-Vickers|SN=710-655|scale=HV 0.05|F=0.4905N|mag=50X,Micro-Vickers,manual,710-655,HV 0.05,0.05,0.4905,,50X,3,20.849166666666665,0.09046316008924961,0.4338934094372259,0.18049999999999855,-0.24966666666666507,0.31099999999999994
Micro-Vickers|SN=710-655|scale=HV 0.05|F=0.4905N|mag=50X,Micro-Vickers,automatic,710-655,HV 0.05,0.05,0.4905,,50X,3,20.885666666666665,0.14536964378209621,0.6960258731606822,0.2890000000000015,-0.35533333333333417,0.3780000000000001
Micro-Vickers|SN=711-081|scale=HV 0.05|F=0.4905N|mag=50X,Micro-Vickers,manual,711-081,HV 0.05,0.05,0.4905,,50X,3,28.764166666666664,0.27596799331323374,0.9594159167247458,0.48999999999999844,0.4710000000000001,0.4710000000000001
Micro-Vickers|SN=711-081|scale=HV 0.05|F=0.4905N|mag=50X,Micro-Vickers,automatic,711-081,HV 0.05,0.05,0.4905,,50X,3,28.83066666666667,0.29973168556783253,1.0396280080279072,0.5500000000000007,0.5926666666666662,0.5926666666666662
Micro-Vickers|SN=711-081|scale=HV 0.5|F=4.905N|mag=50X,Micro-Vickers,manual,711-081,HV 0.5,0.5,4.905,,50X,3,93.89833333333333,0.6848872778299605,0.7293923688705449,1.261499999999998,0.2206666666666687,0.294666666666662
Micro-Vickers|SN=711-081|scale=HV 0.5|F=4.905N|mag=50X,Micro-Vickers,automatic,711-081,HV 0.5,0.5,4.905,,50X,3,94.04216666666666,0.6129588757276726,0.6517915286876695,1.1744999999999948,0.37299999999999994,0.37299999999999994
Micro-Vickers|SN=711-081|scale=HV 1|F=9.81N|mag=20X,Micro-Vickers,manual,711-081,HV 1,1,9.81,,20X,3,133.86316666666667,0.384196022016535,0.2870065243363198,0.7624999999999886,0.044999999999987494,0.6383333333333306
Micro-Vickers|SN=711-081|scale=HV 1|F=9.81N|mag=20X,Micro-Vickers,automatic,711-081,HV 1,1,9.81,,20X,3,133.99066666666667,0.4664347042548717,0.3481098466471832,0.867999999999995,0.06533333333333265,0.6546666666666757
Micro-Vickers|SN=711-081|scale=HV 2|F=19.62N|mag=20X,Micro-Vickers,manual,711-081,HV 2,2,19.62,,20X,3,189.31566666666666,1.506458623173356,0.7957390160560877,2.810500000000019,1.7066666666666588,1.7066666666666588
Micro-Vickers|SN=711-081|scale=HV 2|F=19.62N|mag=20X,Micro-Vickers,automatic,711-081,HV 2,2,19.62,,20X,3,189.65833333333333,1.455955900202105,0.7676730437376537,2.7874999999999943,1.5853333333333428,1.5853333333333428
Micro-Vickers|SN=711-246|scale=HV 0.5|F=4.905N|mag=50X,Micro-Vickers,manual,711-246,HV 0.5,0.5,4.905,,50X,3,42.603,0.2510717029057631,0.5893286925938621,0.4660000000000011,0.06066666666666739,0.10733333333333424
Micro-Vickers|SN=711-246|scale=HV 0.5|F=4.905N|mag=50X,Micro-Vickers,automatic,711-246,HV 0.5,0.5,4.905,,50X,3,42.79433333333333,0.3868463303862852,0.9039662503282021,0.7025000000000077,-0.14133333333333553,0.3193333333333328
Micro-Vickers|SN=711-246|scale=HV 1|F=9.81N|mag=50X,Micro-Vickers,manual,711-246,HV 1,1,9.81,,50X,3,60.518,0.4121701711672004,0.6810703776846564,0.8194999999999979,0.5120000000000005,0.7646666666666656
Micro-Vickers|SN=711-246|scale=HV 1|F=9.81N|mag=50X,Micro-Vickers,automatic,711-246,HV 1,1,9.81,,50X,3,60.276999999999994,0.5592139572650175,0.9277401948753549,0.9830000000000041,0.35999999999999704,0.6153333333333322
Micro-Vickers|SN=711-246|scale=HV 2|F=19.62N|mag=50X,Micro-Vickers,manual,711-246,HV 2,2,19.62,,50X,3,84.92666666666666,0.22054780283043993,0.2596920513742522,0.382000000000005,-0.0799999999999983,0.14666666666666117
Micro-Vickers|SN=711-246|scale=HV 2|F=19.62N|mag=50X,Micro-Vickers,automatic,711-246,HV 2,2,19.62,,50X,3,84.86416666666668,0.2616420901409641,0.3083069102282637,0.4724999999999966,-0.14366666666666106,0.20366666666666333
Vickers|SN=216-610|scale=HV 100|F=981N|mag=20X,Vickers,manual,216-610,HV 100,100,981.0,,20X,3,511.2326666666666,0.3402268850830516,0.06655030229218235,0.6509999999999536,-0.20466666666665864,0.302000000000002
Vickers|SN=216-610|scale=HV 100|F=981N|mag=20X,Vickers,automatic,216-610,HV 100,100,981.0,,20X,3,511.089,0.3872102142247913,0.07576179769566382,0.6899999999999977,0.14599999999999605,0.14599999999999605
Vickers|SN=216-610|scale=HV 20|F=196.2N|mag=20X,Vickers,manual,216-610,HV 20,20,196.2,,20X,3,227.45366666666666,0.39907841752383433,0.17545481828115952,0.7264999999999873,0.4233333333333273,0.4233333333333273
Vickers|SN=216-610|scale=HV 20|F=196.2N|mag=20X,Vickers,automatic,216-610,HV 20,20,196.2,,20X,3,227.16983333333334,0.48426705786510826,0.21317401644369222,0.914999999999992,-0.3723333333333301,0.48766666666666464
Vickers|SN=216-610|scale=HV 3|F=29.43N|mag=50X,Vickers,manual,216-610,HV 3,3,29.43,,50X,3,87.48933333333333,0.3245906396268036,0.37100595839508466,0.6485000000000127,-0.19866666666666788,0.23866666666665992
Vickers|SN=216-610|scale=HV 3|F=29.43N|mag=50X,Vickers,automatic,216-610,HV 3,3,29.43,,50X,3,87.20833333333333,0.831253621545997,0.9531814102773019,1.5305000000000035,-0.3506666666666689,0.3506666666666689
Vickers|SN=216-610|scale=HV 50|F=490.5N|mag=20X,Vickers,manual,216-610,HV 50,50,490.5,,20X,3,360.7706666666666,0.3937338356470614,0.10913687614488099,0.7870000000000346,-0.018666666666680005,0.12933333333334454
Vickers|SN=216-610|scale=HV 50|F=490.5N|mag=20X,Vickers,automatic,216-610,HV 50,50,490.5,,20X,3,360.49399999999997,0.2637669425837595,0.07316819214293706,0.5219999999999345,0.4860000000000089,0.4860000000000089
Vickers|SN=221-101|scale=HV 100|F=981N|mag=20X,Vickers,manual,221-101,HV 100,100,981.0,,20X,3,456.06749999999994,0.1618401989618286,0.03548601883752485,0.3210000000000264,-0.2436666666666838,0.2436666666666838
Vickers|SN=221-101|scale=HV 100|F=981N|mag=20X,Vickers,automatic,221-101,HV 100,100,981.0,,20X,3,455.9176666666667,0.16750398005223446,0.03673996256317503,0.3350000000000364,-0.14799999999998667,0.4939999999999903
Vickers|SN=221-101|scale=HV 20|F=196.2N|mag=20X,Vickers,manual,221-101,HV 20,20,196.2,,20X,3,202.8216666666667,0.20328202904666934,0.10022697889607586,0.3684999999999832,0.372666666666665,0.372666666666665
Vickers|SN=221-101|scale=HV 20|F=196.2N|mag=20X,Vickers,automatic,221-101,HV 20,20,196.2,,20X,3,202.56600000000003,0.37203628855261095,0.18366176384615923,0.6630000000000109,0.03333333333335039,0.5866666666666731
Vickers|SN=221-101|scale=HV 3|F=29.43N|mag=50X,Vickers,manual,221-101,HV 3,3,29.43,,50X,3,78.17433333333334,0.07067059737496026,0.09040127924548158,0.14100000000000534,-0.046666666666666856,0.046666666666666856
Vickers|SN=221-101|scale=HV 3|F=29.43N|mag=50X,Vickers,automatic,221-101,HV 3,3,29.43,,50X,3,77.97449999999999,0.42185512916165846,0.5410167800520151,0.8419999999999987,-0.14233333333333084,0.35633333333332945
Vickers|SN=221-101|scale=HV 50|F=490.5N|mag=20X,Vickers,manual,221-101,HV 50,50,490.5,,20X,3,321.80333333333334,0.12859756348131518,0.039961538666882,0.2459999999999809,0.11666666666667425,0.2446666666666791
Vickers|SN=221-101|scale=HV 50|F=490.5N|mag=20X,Vickers,automatic,221-101,HV 50,50,490.5,,20X,3,321.24916666666667,0.3292363639292121,0.10248629353514653,0.5715000000000146,0.40766666666669,0.40766666666669
Vickers|SN=293-250|scale=HV 100|F=981N|mag=20X,Vickers,manual,293-250,HV 100,100,981.0,,20X,3,1069.2361666666668,3.073468615966872,0.2874452540778133,6.125999999999976,-2.60966666666665,2.60966666666665
Vickers|SN=293-250|scale=HV 100|F=981N|mag=20X,Vickers,automatic,293-250,HV 100,100,981.0,,20X,3,1069.5240000000001,3.0570189319008443,0.28582985813322975,6.098500000000058,-2.448666666666668,2.5500000000000305
Vickers|SN=293-250|scale=HV 20|F=196.2N|mag=20X,Vickers,manual,293-250,HV 20,20,196.2,,20X,3,479.2791666666667,1.8649494854642703,0.38911549159017,3.43100000000004,0.1930000000000026,0.5783333333333568
Vickers|SN=293-250|scale=HV 20|F=196.2N|mag=20X,Vickers,automatic,293-250,HV 20,20,196.2,,20X,3,479.32733333333334,2.410308607488544,0.502852318211607,4.380499999999984,0.29066666666667135,0.7966666666666811
Vickers|SN=293-250|scale=HV 3|F=29.43N|mag=20X,Vickers,manual,293-250,HV 3,3,29.43,,20X,3,184.55616666666666,0.6166760359648734,0.3341400328706835,1.2320000000000277,-0.6443333333333214,0.6703333333333319
Vickers|SN=293-250|scale=HV 3|F=29.43N|mag=20X,Vickers,automatic,293-250,HV 3,3,29.43,,20X,3,184.5995,0.20798136935793063,0.11266626906244634,0.3675000000000068,-0.301666666666667,0.3136666666666675
Vickers|SN=293-250|scale=HV 50|F=490.5N|mag=20X,Vickers,manual,293-250,HV 50,50,490.5,,20X,3,756.2575,2.7340092812571206,0.3615183031252081,5.455500000000029,-0.3296666666666776,0.5109999999999673
Vickers|SN=293-250|scale=HV 50|F=490.5N|mag=20X,Vickers,automatic,293-250,HV 50,50,490.5,,20X,3,756.645,2.873364795844793,0.379750714779691,5.699500000000057,-0.4000000000000152,0.4000000000000152
Vickers|SN=294-367|scale=HV 100|F=981N|mag=20X,Vickers,manual,294-367,HV 100,100,981.0,,20X,3,781.4813333333332,0.2645214232029707,0.033848719338525984,0.46899999999993724,-1.3893333333333733,1.3893333333333733
Vickers|SN=294-367|scale=HV 100|F=981N|mag=20X,Vickers,automatic,294-367,HV 100,100,981.0,,20X,3,781.7035,0.24270506793230529,0.03104822582121038,0.4815000000000964,-0.9243333333333036,0.9243333333333036
Vickers|SN=294-367|scale=HV 20|F=196.2N|mag=20X,Vickers,manual,294-367,HV 20,20,196.2,,20X,3,349.19599999999997,0.35864362534416205,0.10270553653081996,0.7135000000000105,-0.036000000000001364,0.1353333333333353
Vickers|SN=294-367|scale=HV 20|F=196.2N|mag=20X,Vickers,automatic,294-367,HV 20,20,196.2,,20X,3,349.4751666666666,0.36651273283933045,0.1048751865075765,0.7185000000000628,-0.019666666666675308,0.41033333333331257
Vickers|SN=294-367|scale=HV 3|F=29.43N|mag=20X,Vickers,manual,294-367,HV 3,3,29.43,,20X,3,135.06199999999998,0.2846976466358858,0.2107903382416119,0.5680000000000405,0.37199999999999517,0.37199999999999517
Vickers|SN=294-367|scale=HV 3|F=29.43N|mag=20X,Vickers,automatic,294-367,HV 3,3,29.43,,20X,3,135.09083333333334,0.3326568552327366,0.24624680078174804,0.6585000000000036,0.3509999999999991,0.5990000000000085
Vickers|SN=294-367|scale=HV 50|F=490.5N|mag=20X,Vickers,manual,294-367,HV 50,50,490.5,,20X,3,551.6933333333334,0.43959195094239495,0.07968048993566382,0.8215000000000146,-0.7539999999999812,0.7800000000000485
Vickers|SN=294-367|scale=HV 50|F=490.5N|mag=20X,Vickers,automatic,294-367,HV 50,50,490.5,,20X,3,551.7326666666667,0.4336004305041436,0.07858886317603277,0.7540000000001328,-0.5966666666666546,1.0673333333333328
Vickers|SN=294-481|scale=HV 100|F=981N|mag=20X,Vickers,manual,294-481,HV 100,100,981.0,,20X,3,605.7116666666667,0.7088152674240176,0.11702189448071017,1.3665000000000873,-0.8339999999999842,0.8339999999999842
Vickers|SN=294-481|scale=HV 100|F=981N|mag=20X,Vickers,automatic,294-481,HV 100,100,981.0,,20X,3,605.5448333333334,0.9251257121782445,0.15277575849928718,1.822999999999979,-0.8296666666666775,0.8296666666666775
Vickers|SN=294-481|scale=HV 20|F=196.2N|mag=20X,Vickers,manual,294-481,HV 20,20,196.2,,20X,3,270.09549999999996,0.3533797532400315,0.1308351132247785,0.6404999999999745,0.167666666666643,0.19833333333330452
Vickers|SN=294-481|scale=HV 20|F=196.2N|mag=20X,Vickers,automatic,294-481,HV 20,20,196.2,,20X,3,269.91833333333335,0.2894021135605649,0.10721839824165266,0.5784999999999627,0.15133333333335486,0.2679999999999912
Vickers|SN=294-481|scale=HV 3|F=29.43N|mag=20X,Vickers,manual,294-481,HV 3,3,29.43,,20X,3,103.873,0.17281565322620387,0.16637206321777928,0.3185000000000002,-0.1593333333333362,0.3760000000000048
Vickers|SN=294-481|scale=HV 3|F=29.43N|mag=20X,Vickers,automatic,294-481,HV 3,3,29.43,,20X,3,104.22816666666667,0.22259061825092818,0.21356090716130302,0.4084999999999894,-0.03900000000000622,0.3329999999999984
Vickers|SN=294-481|scale=HV 50|F=490.5N|mag=20X,Vickers,manual,294-481,HV 50,50,490.5,,20X,3,426.5371666666667,0.19549062211096052,0.045832025293058215,0.3849999999999909,-0.34899999999998954,0.4469999999999838
Vickers|SN=294-481|scale=HV 50|F=490.5N|mag=20X,Vickers,automatic,294-481,HV 50,50,490.5,,20X,3,426.8151666666666,0.3608234794651522,0.08453857961119444,0.708500000000015,0.04966666666664802,0.6830000000000117
