pair_mean,difference,manual,automatic,method,representation,source_index,series_id,magnification,hardness_scale,hardness_level,applied_force_n,ball_diameter_mm,serial_number
211.6415,1.384999999999991,210.949,212.334,Brinell,absolute,114,Brinell|SN=293-250|scale=HBW 1/5|F=49.05N|ball=1mm|mag=20X,20X,HBW 1/5,1,49.05,1.0,293-250
211.7795,0.9309999999999832,211.31400000000002,212.245,Brinell,absolute,115,Brinell|SN=293-250|scale=HBW 1/5|F=49.05N|ball=1mm|mag=20X,20X,HBW 1/5,1,49.05,1.0,293-250
210.097,1.9449999999999932,209.1245,211.0695,Brinell,absolute,116,Brinell|SN=293-250|scale=HBW 1/5|F=49.05N|ball=1mm|mag=20X,20X,HBW 1/5,1,49.05,1.0,293-250
155.07025,0.8944999999999936,154.623,155.51749999999998,Brinell,absolute,117,Brinell|SN=294-367|scale=HBW 1/5|F=49.05N|ball=1mm|mag=20X,20X,HBW 1/5,1,49.05,1.0,294-367
155.013,0.5369999999999777,154.74450000000002,155.2815,Brinell,absolute,118,Brinell|SN=294-367|scale=HBW 1/5|F=49.05N|ball=1mm|mag=20X,20X,HBW 1/5,1,49.05,1.0,294-367
154.569,0.3779999999999859,154.38,154.75799999999998,Brinell,absolute,119,Brinell|SN=294-367|scale=HBW 1/5|F=49.05N|ball=1mm|mag=20X,20X,HBW 1/5,1,49.05,1.0,294-367
116.667,1.4599999999999937,115.937,117.39699999999999,Brinell,absolute,120,Brinell|SN=290-736|scale=HBW 1/5|F=49.05N|ball=1mm|mag=20X,20X,HBW 1/5,1,49.05,1.0,290-736
119.62074999999999,0.7954999999999899,119.223,120.01849999999999,Brinell,absolute,121,Brinell|SN=290-736|scale=HBW 1/5|F=49.05N|ball=1mm|mag=20X,20X,HBW 1/5,1,49.05,1.0,290-736
116.09049999999999,0.5480000000000018,115.81649999999999,116.36449999999999,Brinell,absolute,122,Brinell|SN=290-736|scale=HBW 1/5|F=49.05N|ball=1mm|mag=20X,20X,HBW 1/5,1,49.05,1.0,290-736
466.38275,2.614499999999964,465.07550000000003,467.69,Brinell,absolute,123,Brinell|SN=293-250|scale=HBW 1/30|F=294.3N|ball=1mm|mag=20X,20X,HBW 1/30,1,294.3,1.0,293-250
465.523,1.3379999999999654,464.85400000000004,466.192,Brinell,absolute,124,Brinell|SN=293-250|scale=HBW 1/30|F=294.3N|ball=1mm|mag=20X,20X,HBW 1/30,1,294.3,1.0,293-250
465.13424999999995,1.6874999999999432,464.2905,465.97799999999995,Brinell,absolute,125,Brinell|SN=293-250|scale=HBW 1/30|F=294.3N|ball=1mm|mag=20X,20X,HBW 1/30,1,294.3,1.0,293-250
352.2265,0.5999999999999659,351.92650000000003,352.5265,Brinell,absolute,126,Brinell|SN=294-367|scale=HBW 1/30|F=294.3N|ball=1mm|mag=20X,20X,HBW 1/30,1,294.3,1.0,294-367
350.464,0.16899999999998272,350.3795,350.5485,Brinell,absolute,127,Brinell|SN=294-367|scale=HBW 1/30|F=294.3N|ball=1mm|mag=20X,20X,HBW 1/30,1,294.3,1.0,294-367
349.9715,0.5679999999999836,349.6875,350.2555,Brinell,absolute,128,Brinell|SN=294-367|scale=HBW 1/30|F=294.3N|ball=1mm|mag=20X,20X,HBW 1/30,1,294.3,1.0,294-367
255.632,1.789999999999992,254.737,256.527,Brinell,absolute,129,Brinell|SN=290-736|scale=HBW 1/30|F=294.3N|ball=1mm|mag=20X,20X,HBW 1/30,1,294.3,1.0,290-736
254.80575,0.12950000000000728,254.74099999999999,254.8705,Brinell,absolute,130,Brinell|SN=290-736|scale=HBW 1/30|F=294.3N|ball=1mm|mag=20X,20X,HBW 1/30,1,294.3,1.0,290-736
255.08249999999998,-0.5279999999999916,255.3465,254.8185,Brinell,absolute,131,Brinell|SN=290-736|scale=HBW 1/30|F=294.3N|ball=1mm|mag=20X,20X,HBW 1/30,1,294.3,1.0,290-736
2219.79675,36.769499999999425,2201.4120000000003,2238.1814999999997,Brinell,absolute,132,Brinell|SN=812-006|scale=HBW 10/500|F=4905N|ball=10mm|mag=20X,20X,HBW 10/500,10,4905.0,10.0,812-006
2218.1002500000004,19.73050000000012,2208.235,2227.9655000000002,Brinell,absolute,133,Brinell|SN=812-006|scale=HBW 10/500|F=4905N|ball=10mm|mag=20X,20X,HBW 10/500,10,4905.0,10.0,812-006
2218.2655,37.02300000000014,2199.754,2236.777,Brinell,absolute,134,Brinell|SN=812-006|scale=HBW 10/500|F=4905N|ball=10mm|mag=20X,20X,HBW 10/500,10,4905.0,10.0,812-006
1699.9185,25.78800000000001,1687.0245,1712.8125,Brinell,absolute,135,Brinell|SN=810-202|scale=HBW 10/500|F=4905N|ball=10mm|mag=20X,20X,HBW 10/500,10,4905.0,10.0,810-202
1691.926,14.126000000000204,1684.8629999999998,1698.989,Brinell,absolute,136,Brinell|SN=810-202|scale=HBW 10/500|F=4905N|ball=10mm|mag=20X,20X,HBW 10/500,10,4905.0,10.0,810-202
1703.24225,33.02449999999999,1686.73,1719.7545,Brinell,absolute,137,Brinell|SN=810-202|scale=HBW 10/500|F=4905N|ball=10mm|mag=20X,20X,HBW 10/500,10,4905.0,10.0,810-202
1218.1195,25.6550000000002,1205.292,1230.9470000000001,Brinell,absolute,138,Brinell|SN=8301-50DW|scale=HBW 10/500|F=4905N|ball=10mm|mag=10X,10X,HBW 10/500,10,4905.0,10.0,8301-50DW
1233.5887500000001,61.48050000000012,1202.8485,1264.3290000000002,Brinell,absolute,139,Brinell|SN=8301-50DW|scale=HBW 10/500|F=4905N|ball=10mm|mag=10X,10X,HBW 10/500,10,4905.0,10.0,8301-50DW
1214.7179999999998,19.473999999999933,1204.981,1224.455,Brinell,absolute,140,Brinell|SN=8301-50DW|scale=HBW 10/500|F=4905N|ball=10mm|mag=10X,10X,HBW 10/500,10,4905.0,10.0,8301-50DW
4842.12175,19.844499999999243,4832.199500000001,4852.044,Brinell,absolute,141,Brinell|SN=812-006|scale=HBW 10/3000|F=29430N|ball=10mm|mag=20X,20X,HBW 10/3000,10,29430.0,10.0,812-006
4865.60525,29.746499999999287,4850.732,4880.478499999999,Brinell,absolute,142,Brinell|SN=812-006|scale=HBW 10/3000|F=29430N|ball=10mm|mag=20X,20X,HBW 10/3000,10,29430.0,10.0,812-006
4845.0905,11.319999999999709,4839.4305,4850.7505,Brinell,absolute,143,Brinell|SN=812-006|scale=HBW 10/3000|F=29430N|ball=10mm|mag=20X,20X,HBW 10/3000,10,29430.0,10.0,812-006
3813.5032499999998,14.26949999999988,3806.3685,3820.638,Brinell,absolute,144,Brinell|SN=810-202|scale=HBW 10/3000|F=29430N|ball=10mm|mag=20X,20X,HBW 10/3000,10,29430.0,10.0,810-202
3821.081,39.228999999999814,3801.4665,3840.6955,Brinell,absolute,145,Brinell|SN=810-202|scale=HBW 10/3000|F=29430N|ball=10mm|mag=20X,20X,HBW 10/3000,10,29430.0,10.0,810-202
3808.39075,2.95049999999992,3806.9155,3809.866,Brinell,absolute,146,Brinell|SN=810-202|scale=HBW 10/3000|F=29430N|ball=10mm|mag=20X,20X,HBW 10/3000,10,29430.0,10.0,810-202
2659.7875,6.425000000000182,2656.575,2663.0,Brinell,absolute,147,Brinell|SN=8301-50DW|scale=HBW 10/3000|F=29430N|ball=10mm|mag=20X,20X,HBW 10/3000,10,29430.0,10.0,8301-50DW
2651.1435,11.693999999999505,2645.2965000000004,2656.9905,Brinell,absolute,148,Brinell|SN=8301-50DW|scale=HBW 10/3000|F=29430N|ball=10mm|mag=20X,20X,HBW 10/3000,10,29430.0,10.0,8301-50DW
2646.8062499999996,2.357499999999618,2645.6275,2647.9849999999997,Brinell,absolute,149,Brinell|SN=8301-50DW|scale=HBW 10/3000|F=29430N|ball=10mm|mag=20X,20X,HBW 10/3000,10,29430.0,10.0,8301-50DW
211.6415,0.6544085162881528,210.949,212.334,Brinell,relative_percent,114,Brinell|SN=293-250|scale=HBW 1/5|F=49.05N|ball=1mm|mag=20X,20X,HBW 1/5,1,49.05,1.0,293-250
211.7795,0.4396081773731561,211.31400000000002,212.245,Brinell,relative_percent,115,Brinell|SN=293-250|scale=HBW 1/5|F=49.05N|ball=1mm|mag=20X,20X,HBW 1/5,1,49.05,1.0,293-250
210.097,0.9257628619161592,209.1245,211.0695,Brinell,relative_percent,116,Brinell|SN=293-250|scale=HBW 1/5|F=49.05N|ball=1mm|mag=20X,20X,HBW 1/5,1,49.05,1.0,293-250
155.07025,0.5768353375325014,154.623,155.51749999999998,Brinell,relative_percent,117,Brinell|SN=294-367|scale=HBW 1/5|F=49.05N|ball=1mm|mag=20X,20X,HBW 1/5,1,49.05,1.0,294-367
155.013,0.34642255810801525,154.74450000000002,155.2815,Brinell,relative_percent,118,Brinell|SN=294-367|scale=HBW 1/5|F=49.05N|ball=1mm|mag=20X,20X,HBW 1/5,1,49.05,1.0,294-367
154.569,0.24455097723345945,154.38,154.75799999999998,Brinell,relative_percent,119,Brinell|SN=294-367|scale=HBW 1/5|F=49.05N|ball=1mm|mag=20X,20X,HBW 1/5,1,49.05,1.0,294-367
116.667,1.2514249959285777,115.937,117.39699999999999,Brinell,relative_percent,120,Brinell|SN=290-736|scale=HBW 1/5|F=49.05N|ball=1mm|mag=20X,20X,HBW 1/5,1,49.05,1.0,290-736
119.62074999999999,0.6650184019076874,119.223,120.01849999999999,Brinell,relative_percent,121,Brinell|SN=290-736|scale=HBW 1/5|F=49.05N|ball=1mm|mag=20X,20X,HBW 1/5,1,49.05,1.0,290-736
116.09049999999999,0.47204551621364527,115.81649999999999,116.36449999999999,Brinell,relative_percent,122,Brinell|SN=290-736|scale=HBW 1/5|F=49.05N|ball=1mm|mag=20X,20X,HBW 1/5,1,49.05,1.0,290-736
466.38275,0.560591059596429,465.07550000000003,467.69,Brinell,relative_percent,123,Brinell|SN=293-250|scale=HBW 1/30|F=294.3N|ball=1mm|mag=20X,20X,HBW 1/30,1,294.3,1.0,293-250
465.523,0.2874186667468558,464.85400000000004,466.192,Brinell,relative_percent,124,Brinell|SN=293-250|scale=HBW 1/30|F=294.3N|ball=1mm|mag=20X,20X,HBW 1/30,1,294.3,1.0,293-250
465.13424999999995,0.3627984823736251,464.2905,465.97799999999995,Brinell,relative_percent,125,Brinell|SN=293-250|scale=HBW 1/30|F=294.3N|ball=1mm|mag=20X,20X,HBW 1/30,1,294.3,1.0,293-250
352.2265,0.17034493429652964,351.92650000000003,352.5265,Brinell,relative_percent,126,Brinell|SN=294-367|scale=HBW 1/30|F=294.3N|ball=1mm|mag=20X,20X,HBW 1/30,1,294.3,1.0,294-367
350.464,0.04822178597515942,350.3795,350.5485,Brinell,relative_percent,127,Brinell|SN=294-367|scale=HBW 1/30|F=294.3N|ball=1mm|mag=20X,20X,HBW 1/30,1,294.3,1.0,294-367
349.9715,0.16229893005572843,349.6875,350.2555,Brinell,relative_percent,128,Brinell|SN=294-367|scale=HBW 1/30|F=294.3N|ball=1mm|mag=20X,20X,HBW 1/30,1,294.3,1.0,294-367
255.632,0.7002253239031075,254.737,256.527,Brinell,relative_percent,129,Brinell|SN=290-736|scale=HBW 1/30|F=294.3N|ball=1mm|mag=20X,20X,HBW 1/30,1,294.3,1.0,290-736
254.80575,0.050823028915166664,254.74099999999999,254.8705,Brinell,relative_percent,130,Brinell|SN=290-736|scale=HBW 1/30|F=294.3N|ball=1mm|mag=20X,20X,HBW 1/30,1,294.3,1.0,290-736
255.08249999999998,-0.20699185557613384,255.3465,254.8185,Brinell,relative_percent,131,Brinell|SN=290-736|scale=HBW 1/30|F=294.3N|ball=1mm|mag=20X,20X,HBW 1/30,1,294.3,1.0,290-736
2219.79675,1.656435437163309,2201.4120000000003,2238.1814999999997,Brinell,relative_percent,132,Brinell|SN=812-006|scale=HBW 10/500|F=4905N|ball=10mm|mag=20X,20X,HBW 10/500,10,4905.0,10.0,812-006
2218.1002500000004,0.8895224640996329,2208.235,2227.9655000000002,Brinell,relative_percent,133,Brinell|SN=812-006|scale=HBW 10/500|F=4905N|ball=10mm|mag=20X,20X,HBW 10/500,10,4905.0,10.0,812-006
2218.2655,1.669006708169069,2199.754,2236.777,Brinell,relative_percent,134,Brinell|SN=812-006|scale=HBW 10/500|F=4905N|ball=10mm|mag=20X,20X,HBW 10/500,10,4905.0,10.0,812-006
1699.9185,1.5170139039018642,1687.0245,1712.8125,Brinell,relative_percent,135,Brinell|SN=810-202|scale=HBW 10/500|F=4905N|ball=10mm|mag=20X,20X,HBW 10/500,10,4905.0,10.0,810-202
1691.926,0.8349064911822506,1684.8629999999998,1698.989,Brinell,relative_percent,136,Brinell|SN=810-202|scale=HBW 10/500|F=4905N|ball=10mm|mag=20X,20X,HBW 10/500,10,4905.0,10.0,810-202
1703.24225,1.9389197279482697,1686.73,1719.7545,Brinell,relative_percent,137,Brinell|SN=810-202|scale=HBW 10/500|F=4905N|ball=10mm|mag=20X,20X,HBW 10/500,10,4905.0,10.0,810-202
1218.1195,2.10611520462485,1205.292,1230.9470000000001,Brinell,relative_percent,138,Brinell|SN=8301-50DW|scale=HBW 10/500|F=4905N|ball=10mm|mag=10X,10X,HBW 10/500,10,4905.0,10.0,8301-50DW
1233.5887500000001,4.9838732721906,1202.8485,1264.3290000000002,Brinell,relative_percent,139,Brinell|SN=8301-50DW|scale=HBW 10/500|F=4905N|ball=10mm|mag=10X,10X,HBW 10/500,10,4905.0,10.0,8301-50DW
1214.7179999999998,1.6031704477911692,1204.981,1224.455,Brinell,relative_percent,140,Brinell|SN=8301-50DW|scale=HBW 10/500|F=4905N|ball=10mm|mag=10X,10X,HBW 10/500,10,4905.0,10.0,8301-50DW
4842.12175,0.40983066978849186,4832.199500000001,4852.044,Brinell,relative_percent,141,Brinell|SN=812-006|scale=HBW 10/3000|F=29430N|ball=10mm|mag=20X,20X,HBW 10/3000,10,29430.0,10.0,812-006
4865.60525,0.6113627898605069,4850.732,4880.478499999999,Brinell,relative_percent,142,Brinell|SN=812-006|scale=HBW 10/3000|F=29430N|ball=10mm|mag=20X,20X,HBW 10/3000,10,29430.0,10.0,812-006
4845.0905,0.233638566709945,4839.4305,4850.7505,Brinell,relative_percent,143,Brinell|SN=812-006|scale=HBW 10/3000|F=29430N|ball=10mm|mag=20X,20X,HBW 10/3000,10,29430.0,10.0,812-006
3813.5032499999998,0.37418350174475085,3806.3685,3820.638,Brinell,relative_percent,144,Brinell|SN=810-202|scale=HBW 10/3000|F=29430N|ball=10mm|mag=20X,20X,HBW 10/3000,10,29430.0,10.0,810-202
3821.081,1.026646647898849,3801.4665,3840.6955,Brinell,relative_percent,145,Brinell|SN=810-202|scale=HBW 10/3000|F=29430N|ball=10mm|mag=20X,20X,HBW 10/3000,10,29430.0,10.0,810-202
3808.39075,0.07747366784776273,3806.9155,3809.866,Brinell,relative_percent,146,Brinell|SN=810-202|scale=HBW 10/3000|F=29430N|ball=10mm|mag=20X,20X,HBW 10/3000,10,29430.0,10.0,810-202
2659.7875,0.24156065099186239,2656.575,2663.0,Brinell,relative_percent,147,Brinell|SN=8301-50DW|scale=HBW 10/3000|F=29430N|ball=10mm|mag=20X,20X,HBW 10/3000,10,29430.0,10.0,8301-50DW
2651.1435,0.4410926832138473,2645.2965000000004,2656.9905,Brinell,relative_percent,148,Brinell|SN=8301-50DW|scale=HBW 10/3000|F=29430N|ball=10mm|mag=20X,20X,HBW 10/3000,10,29430.0,10.0,8301-50DW
2646.8062499999996,0.08906960983636858,2645.6275,2647.9849999999997,Brinell,relative_percent,149,Brinell|SN=8301-50DW|scale=HBW 10/3000|F=29430N|ball=10mm|mag=20X,20X,HBW 10/3000,10,29430.0,10.0,8301-50DW
5.354888452357919,0.006544108517263503,210.949,212.334,Brinell,log_ratio,114,Brinell|SN=293-250|scale=HBW 1/5|F=49.05N|ball=1mm|mag=20X,20X,HBW 1/5,1,49.05,1.0,293-250
5.355543223361217,0.004396088853471092,211.31400000000002,212.245,Brinell,log_ratio,115,Brinell|SN=293-250|scale=HBW 1/5|F=49.05N|ball=1mm|mag=20X,20X,HBW 1/5,1,49.05,1.0,293-250
5.347558615758482,0.009257694737754285,209.1245,211.0695,Brinell,log_ratio,116,Brinell|SN=293-250|scale=HBW 1/5|F=49.05N|ball=1mm|mag=20X,20X,HBW 1/5,1,49.05,1.0,293-250
5.043874080795023,0.005768369370039217,154.623,155.51749999999998,Brinell,log_ratio,117,Brinell|SN=294-367|scale=HBW 1/5|F=49.05N|ball=1mm|mag=20X,20X,HBW 1/5,1,49.05,1.0,294-367
5.043507484260406,0.0034642290455595415,154.74450000000002,155.2815,Brinell,log_ratio,118,Brinell|SN=294-367|scale=HBW 1/5|F=49.05N|ball=1mm|mag=20X,20X,HBW 1/5,1,49.05,1.0,294-367
5.040639851017268,0.0024455109911203365,154.38,154.75799999999998,Brinell,log_ratio,119,Brinell|SN=294-367|scale=HBW 1/5|F=49.05N|ball=1mm|mag=20X,20X,HBW 1/5,1,49.05,1.0,294-367
4.759304146764398,0.012514413280812597,115.937,117.39699999999999,Brinell,log_ratio,120,Brinell|SN=290-736|scale=HBW 1/5|F=49.05N|ball=1mm|mag=20X,20X,HBW 1/5,1,49.05,1.0,290-736
4.784320793302298,0.006650208527909207,119.223,120.01849999999999,Brinell,log_ratio,121,Brinell|SN=290-736|scale=HBW 1/5|F=49.05N|ball=1mm|mag=20X,20X,HBW 1/5,1,49.05,1.0,290-736
4.754367273998981,0.004720463927538887,115.81649999999999,116.36449999999999,Brinell,log_ratio,122,Brinell|SN=290-736|scale=HBW 1/5|F=49.05N|ball=1mm|mag=20X,20X,HBW 1/5,1,49.05,1.0,290-736
6.145002720637432,0.00560592527708792,465.07550000000003,467.69,Brinell,log_ratio,123,Brinell|SN=293-250|scale=HBW 1/30|F=294.3N|ball=1mm|mag=20X,20X,HBW 1/30,1,294.3,1.0,293-250
6.1431604721142135,0.002874188646096343,464.85400000000004,466.192,Brinell,log_ratio,124,Brinell|SN=293-250|scale=HBW 1/30|F=294.3N|ball=1mm|mag=20X,20X,HBW 1/30,1,294.3,1.0,293-250
6.142324428309214,0.0036279888031218732,464.2905,465.97799999999995,Brinell,log_ratio,125,Brinell|SN=293-250|scale=HBW 1/30|F=294.3N|ball=1mm|mag=20X,20X,HBW 1/30,1,294.3,1.0,293-250
5.864274071854176,0.0017034497548795713,351.92650000000003,352.5265,Brinell,log_ratio,126,Brinell|SN=294-367|scale=HBW 1/30|F=294.3N|ball=1mm|mag=20X,20X,HBW 1/30,1,294.3,1.0,294-367
5.859257961719116,0.00048221786909596887,350.3795,350.5485,Brinell,log_ratio,127,Brinell|SN=294-367|scale=HBW 1/30|F=294.3N|ball=1mm|mag=20X,20X,HBW 1/30,1,294.3,1.0,294-367
5.857851393334652,0.0016229896568171753,349.6875,350.2555,Brinell,log_ratio,128,Brinell|SN=294-367|scale=HBW 1/30|F=294.3N|ball=1mm|mag=20X,20X,HBW 1/30,1,294.3,1.0,294-367
5.543732781303849,0.00700228185018581,254.737,256.527,Brinell,log_ratio,129,Brinell|SN=290-736|scale=HBW 1/30|F=294.3N|ball=1mm|mag=20X,20X,HBW 1/30,1,294.3,1.0,290-736
5.540501457875125,0.0005082303000909505,254.74099999999999,254.8705,Brinell,log_ratio,130,Brinell|SN=290-736|scale=HBW 1/30|F=294.3N|ball=1mm|mag=20X,20X,HBW 1/30,1,294.3,1.0,290-736
5.541586486675196,-0.002069919294820366,255.3465,254.8185,Brinell,log_ratio,131,Brinell|SN=290-736|scale=HBW 1/30|F=294.3N|ball=1mm|mag=20X,20X,HBW 1/30,1,294.3,1.0,290-736
7.70513661821512,0.016564733128197062,2201.4120000000003,2238.1814999999997,Brinell,log_ratio,132,Brinell|SN=812-006|scale=HBW 10/500|F=4905N|ball=10mm|mag=20X,20X,HBW 10/500,10,4905.0,10.0,812-006
7.70439647454031,0.008895283294595657,2208.235,2227.9655000000002,Brinell,log_ratio,133,Brinell|SN=812-006|scale=HBW 10/500|F=4905N|ball=10mm|mag=20X,20X,HBW 10/500,10,4905.0,10.0,812-006
7.704446042176301,0.016690454527660492,2199.754,2236.777,Brinell,log_ratio,134,Brinell|SN=812-006|scale=HBW 10/500|F=4905N|ball=10mm|mag=20X,20X,HBW 10/500,10,4905.0,10.0,812-006
7.438306820251262,0.015170429978345723,1687.0245,1712.8125,Brinell,log_ratio,135,Brinell|SN=810-202|scale=HBW 10/500|F=4905N|ball=10mm|mag=20X,20X,HBW 10/500,10,4905.0,10.0,810-202
7.433614090548633,0.008349113411272313,1684.8629999999998,1698.989,Brinell,log_ratio,136,Brinell|SN=810-202|scale=HBW 10/500|F=4905N|ball=10mm|mag=20X,20X,HBW 10/500,10,4905.0,10.0,810-202
7.440241924688826,0.019389804746543504,1686.73,1719.7545,Brinell,log_ratio,137,Brinell|SN=810-202|scale=HBW 10/500|F=4905N|ball=10mm|mag=20X,20X,HBW 10/500,10,4905.0,10.0,810-202
7.105008105525432,0.02106193060971595,1205.292,1230.9470000000001,Brinell,log_ratio,138,Brinell|SN=8301-50DW|scale=HBW 10/500|F=4905N|ball=10mm|mag=10X,10X,HBW 10/500,10,4905.0,10.0,8301-50DW
7.1173722992654,0.04984905276662932,1202.8485,1264.3290000000002,Brinell,log_ratio,139,Brinell|SN=8301-50DW|scale=HBW 10/500|F=4905N|ball=10mm|mag=10X,10X,HBW 10/500,10,4905.0,10.0,8301-50DW
7.102235102094387,0.016032047857592602,1204.981,1224.455,Brinell,log_ratio,140,Brinell|SN=8301-50DW|scale=HBW 10/500|F=4905N|ball=10mm|mag=10X,10X,HBW 10/500,10,4905.0,10.0,8301-50DW
8.485106182231114,0.004098312434203777,4832.199500000001,4852.044,Brinell,log_ratio,141,Brinell|SN=812-006|scale=HBW 10/3000|F=29430N|ball=10mm|mag=20X,20X,HBW 10/3000,10,29430.0,10.0,812-006
8.489941723848546,0.0061136469408520355,4850.732,4880.478499999999,Brinell,log_ratio,142,Brinell|SN=812-006|scale=HBW 10/3000|F=29430N|ball=10mm|mag=20X,20X,HBW 10/3000,10,29430.0,10.0,812-006
8.485720520863268,0.002336386729902884,4839.4305,4850.7505,Brinell,log_ratio,143,Brinell|SN=812-006|scale=HBW 10/3000|F=29430N|ball=10mm|mag=20X,20X,HBW 10/3000,10,29430.0,10.0,812-006
8.246301783670184,0.003741839383344825,3806.3685,3820.638,Brinell,log_ratio,144,Brinell|SN=810-202|scale=HBW 10/3000|F=29430N|ball=10mm|mag=20X,20X,HBW 10/3000,10,29430.0,10.0,810-202
8.248275470645982,0.01026655665449816,3801.4665,3840.6955,Brinell,log_ratio,145,Brinell|SN=810-202|scale=HBW 10/3000|F=29430N|ball=10mm|mag=20X,20X,HBW 10/3000,10,29430.0,10.0,810-202
8.244961928539958,0.0007747367172292741,3806.9155,3809.866,Brinell,log_ratio,146,Brinell|SN=810-202|scale=HBW 10/3000|F=29430N|ball=10mm|mag=20X,20X,HBW 10/3000,10,29430.0,10.0,810-202
7.886000781971662,0.0024156076845391894,2656.575,2663.0,Brinell,log_ratio,147,Brinell|SN=8301-50DW|scale=HBW 10/3000|F=29430N|ball=10mm|mag=20X,20X,HBW 10/3000,10,29430.0,10.0,8301-50DW
7.882743903300454,0.004410933983843179,2645.2965000000004,2656.9905,Brinell,log_ratio,148,Brinell|SN=8301-50DW|scale=HBW 10/3000|F=29430N|ball=10mm|mag=20X,20X,HBW 10/3000,10,29430.0,10.0,8301-50DW
7.881108904309662,0.0008906961572492378,2645.6275,2647.9849999999997,Brinell,log_ratio,149,Brinell|SN=8301-50DW|scale=HBW 10/3000|F=29430N|ball=10mm|mag=20X,20X,HBW 10/3000,10,29430.0,10.0,8301-50DW
44.2965,0.1629999999999967,44.215,44.378,Micro-Vickers,absolute,60,Micro-Vickers|SN=710-404|scale=HV 0.05|F=0.4905N|mag=50X,50X,HV 0.05,0.05,0.4905,,710-404
43.64575,0.08650000000000091,43.6025,43.689,Micro-Vickers,absolute,61,Micro-Vickers|SN=710-404|scale=HV 0.05|F=0.4905N|mag=50X,50X,HV 0.05,0.05,0.4905,,710-404
42.269999999999996,0.1600000000000037,42.19,42.35,Micro-Vickers,absolute,62,Micro-Vickers|SN=710-404|scale=HV 0.05|F=0.4905N|mag=50X,50X,HV 0.05,0.05,0.4905,,710-404
28.6085,0.03200000000000003,28.5925,28.6245,Micro-Vickers,absolute,63,Micro-Vickers|SN=711-081|scale=HV 0.05|F=0.4905N|mag=50X,50X,HV 0.05,0.05,0.4905,,711-081
29.128500000000003,0.0920000000000023,29.0825,29.174500000000002,Micro-Vickers,absolute,64,Micro-Vickers|SN=711-081|scale=HV 0.05|F=0.4905N|mag=50X,50X,HV 0.05,0.05,0.4905,,711-081
28.65525,0.07549999999999812,28.6175,28.692999999999998,Micro-Vickers,absolute,65,Micro-Vickers|SN=711-081|scale=HV 0.05|F=0.4905N|mag=50X,50X,HV 0.05,0.05,0.4905,,711-081
20.872999999999998,0.062000000000001165,20.842,20.904,Micro-Vickers,absolute,66,Micro-Vickers|SN=710-655|scale=HV 0.05|F=0.4905N|mag=50X,50X,HV 0.05,0.05,0.4905,,710-655
20.74725,-0.03049999999999997,20.7625,20.732,Micro-Vickers,absolute,67,Micro-Vickers|SN=710-655|scale=HV 0.05|F=0.4905N|mag=50X,50X,HV 0.05,0.05,0.4905,,710-655
20.982,0.07800000000000296,20.942999999999998,21.021,Micro-Vickers,absolute,68,Micro-Vickers|SN=710-655|scale=HV 0.05|F=0.4905N|mag=50X,50X,HV 0.05,0.05,0.4905,,710-655
94.4515,0.1529999999999916,94.375,94.52799999999999,Micro-Vickers,absolute,69,Micro-Vickers|SN=711-081|scale=HV 0.5|F=4.905N|mag=50X,50X,HV 0.5,0.5,4.905,,711-081
93.23349999999999,0.23999999999999488,93.1135,93.3535,Micro-Vickers,absolute,70,Micro-Vickers|SN=711-081|scale=HV 0.5|F=4.905N|mag=50X,50X,HV 0.5,0.5,4.905,,711-081
94.22575,0.03849999999999909,94.2065,94.245,Micro-Vickers,absolute,71,Micro-Vickers|SN=711-081|scale=HV 0.5|F=4.905N|mag=50X,50X,HV 0.5,0.5,4.905,,711-081
53.95525,-0.11450000000000671,54.0125,53.897999999999996,Micro-Vickers,absolute,72,Micro-Vickers|SN=706-437|scale=HV 0.5|F=4.905N|mag=50X,50X,HV 0.5,0.5,4.905,,706-437
53.792500000000004,0.10699999999999932,53.739000000000004,53.846000000000004,Micro-Vickers,absolute,73,Micro-Vickers|SN=706-437|scale=HV 0.5|F=4.905N|mag=50X,50X,HV 0.5,0.5,4.905,,706-437
54.1895,0.14100000000000534,54.119,54.260000000000005,Micro-Vickers,absolute,74,Micro-Vickers|SN=706-437|scale=HV 0.5|F=4.905N|mag=50X,50X,HV 0.5,0.5,4.905,,706-437
42.971000000000004,0.16200000000000614,42.89,43.05200000000001,Micro-Vickers,absolute,75,Micro-Vickers|SN=711-246|scale=HV 0.5|F=4.905N|mag=50X,50X,HV 0.5,0.5,4.905,,711-246
42.38675,-0.07450000000000045,42.424,42.3495,Micro-Vickers,absolute,76,Micro-Vickers|SN=711-246|scale=HV 0.5|F=4.905N|mag=50X,50X,HV 0.5,0.5,4.905,,711-246
42.73825,0.4864999999999924,42.495000000000005,42.9815,Micro-Vickers,absolute,77,Micro-Vickers|SN=711-246|scale=HV 0.5|F=4.905N|mag=50X,50X,HV 0.5,0.5,4.905,,711-246
35.07625,-0.27649999999999864,35.2145,34.938,Micro-Vickers,absolute,78,Micro-Vickers|SN=710-106|scale=HV 0.5|F=4.905N|mag=50X,50X,HV 0.5,0.5,4.905,,710-106
35.2705,0.09100000000000108,35.225,35.316,Micro-Vickers,absolute,79,Micro-Vickers|SN=710-106|scale=HV 0.5|F=4.905N|mag=50X,50X,HV 0.5,0.5,4.905,,710-106
34.83275,-0.15349999999999397,34.909499999999994,34.756,Micro-Vickers,absolute,80,Micro-Vickers|SN=710-106|scale=HV 0.5|F=4.905N|mag=50X,50X,HV 0.5,0.5,4.905,,710-106
30.866999999999997,0.12900000000000134,30.8025,30.9315,Micro-Vickers,absolute,81,Micro-Vickers|SN=709-293|scale=HV 0.5|F=4.905N|mag=50X,50X,HV 0.5,0.5,4.905,,709-293
30.79475,0.054500000000004434,30.7675,30.822000000000003,Micro-Vickers,absolute,82,Micro-Vickers|SN=709-293|scale=HV 0.5|F=4.905N|mag=50X,50X,HV 0.5,0.5,4.905,,709-293
30.55475,-0.11449999999999605,30.612,30.497500000000002,Micro-Vickers,absolute,83,Micro-Vickers|SN=709-293|scale=HV 0.5|F=4.905N|mag=50X,50X,HV 0.5,0.5,4.905,,709-293
134.053,0.2699999999999818,133.918,134.188,Micro-Vickers,absolute,84,Micro-Vickers|SN=711-081|scale=HV 1|F=9.81N|mag=20X,20X,HV 1,1,9.81,,711-081
134.2715,0.10900000000000887,134.21699999999998,134.326,Micro-Vickers,absolute,85,Micro-Vickers|SN=711-081|scale=HV 1|F=9.81N|mag=20X,20X,HV 1,1,9.81,,711-081
133.45625,0.003500000000002501,133.4545,133.458,Micro-Vickers,absolute,86,Micro-Vickers|SN=711-081|scale=HV 1|F=9.81N|mag=20X,20X,HV 1,1,9.81,,711-081
77.623,-0.21299999999999386,77.7295,77.51650000000001,Micro-Vickers,absolute,87,Micro-Vickers|SN=706-437|scale=HV 1|F=9.81N|mag=50X,50X,HV 1,1,9.81,,706-437
75.44375,-0.44950000000000045,75.6685,75.219,Micro-Vickers,absolute,88,Micro-Vickers|SN=706-437|scale=HV 1|F=9.81N|mag=50X,50X,HV 1,1,9.81,,706-437
76.419,-0.42199999999999704,76.63,76.208,Micro-Vickers,absolute,89,Micro-Vickers|SN=706-437|scale=HV 1|F=9.81N|mag=50X,50X,HV 1,1,9.81,,706-437
60.91225,0.02049999999999841,60.902,60.9225,Micro-Vickers,absolute,90,Micro-Vickers|SN=711-246|scale=HV 1|F=9.81N|mag=50X,50X,HV 1,1,9.81,,711-246
60.2545,-0.6300000000000097,60.569500000000005,59.939499999999995,Micro-Vickers,absolute,91,Micro-Vickers|SN=711-246|scale=HV 1|F=9.81N|mag=50X,50X,HV 1,1,9.81,,711-246
60.02575,-0.11350000000000193,60.0825,59.969,Micro-Vickers,absolute,92,Micro-Vickers|SN=711-246|scale=HV 1|F=9.81N|mag=50X,50X,HV 1,1,9.81,,711-246
50.48675,-0.36249999999999716,50.668,50.3055,Micro-Vickers,absolute,93,Micro-Vickers|SN=710-106|scale=HV 1|F=9.81N|mag=50X,50X,HV 1,1,9.81,,710-106
50.197,-0.27900000000000347,50.3365,50.0575,Micro-Vickers,absolute,94,Micro-Vickers|SN=710-106|scale=HV 1|F=9.81N|mag=50X,50X,HV 1,1,9.81,,710-106
49.879,-0.33100000000000307,50.0445,49.713499999999996,Micro-Vickers,absolute,95,Micro-Vickers|SN=710-106|scale=HV 1|F=9.81N|mag=50X,50X,HV 1,1,9.81,,710-106
44.696,-0.8100000000000023,45.101,44.291,Micro-Vickers,absolute,96,Micro-Vickers|SN=709-293|scale=HV 1|F=9.81N|mag=50X,50X,HV 1,1,9.81,,709-293
44.58975,-0.8434999999999917,45.0115,44.168000000000006,Micro-Vickers,absolute,97,Micro-Vickers|SN=709-293|scale=HV 1|F=9.81N|mag=50X,50X,HV 1,1,9.81,,709-293
44.95925,-0.5215000000000032,45.22,44.698499999999996,Micro-Vickers,absolute,98,Micro-Vickers|SN=709-293|scale=HV 1|F=9.81N|mag=50X,50X,HV 1,1,9.81,,709-293
190.0435,0.20199999999999818,189.9425,190.1445,Micro-Vickers,absolute,99,Micro-Vickers|SN=711-081|scale=HV 2|F=19.62N|mag=20X,20X,HV 2,2,19.62,,711-081
187.80925,0.4245000000000232,187.59699999999998,188.0215,Micro-Vickers,absolute,100,Micro-Vickers|SN=711-081|scale=HV 2|F=19.62N|mag=20X,20X,HV 2,2,19.62,,711-081
190.60825,0.40149999999999864,190.4075,190.809,Micro-Vickers,absolute,101,Micro-Vickers|SN=711-081|scale=HV 2|F=19.62N|mag=20X,20X,HV 2,2,19.62,,711-081
108.59525,0.04749999999999943,108.5715,108.619,Micro-Vickers,absolute,102,Micro-Vickers|SN=706-437|scale=HV 2|F=19.62N|mag=20X,20X,HV 2,2,19.62,,706-437
107.93,-0.060000000000002274,107.96000000000001,107.9,Micro-Vickers,absolute,103,Micro-Vickers|SN=706-437|scale=HV 2|F=19.62N|mag=20X,20X,HV 2,2,19.62,,706-437
107.67575,0.09149999999999636,107.63,107.72149999999999,Micro-Vickers,absolute,104,Micro-Vickers|SN=706-437|scale=HV 2|F=19.62N|mag=20X,20X,HV 2,2,19.62,,706-437
84.6175,-0.10899999999999466,84.672,84.563,Micro-Vickers,absolute,105,Micro-Vickers|SN=711-246|scale=HV 2|F=19.62N|mag=50X,50X,HV 2,2,19.62,,711-246
85.024,-0.060000000000002274,85.054,84.994,Micro-Vickers,absolute,106,Micro-Vickers|SN=711-246|scale=HV 2|F=19.62N|mag=50X,50X,HV 2,2,19.62,,711-246
85.04475,-0.01850000000000307,85.054,85.0355,Micro-Vickers,absolute,107,Micro-Vickers|SN=711-246|scale=HV 2|F=19.62N|mag=50X,50X,HV 2,2,19.62,,711-246
70.78075,-0.041500000000013415,70.8015,70.75999999999999,Micro-Vickers,absolute,108,Micro-Vickers|SN=710-106|scale=HV 2|F=19.62N|mag=50X,50X,HV 2,2,19.62,,710-106
70.71025,-0.3464999999999918,70.8835,70.537,Micro-Vickers,absolute,109,Micro-Vickers|SN=710-106|scale=HV 2|F=19.62N|mag=50X,50X,HV 2,2,19.62,,710-106
70.55525,-0.3534999999999968,70.732,70.3785,Micro-Vickers,absolute,110,Micro-Vickers|SN=710-106|scale=HV 2|F=19.62N|mag=50X,50X,HV 2,2,19.62,,710-106
63.70325,0.08749999999999858,63.6595,63.747,Micro-Vickers,absolute,111,Micro-Vickers|SN=709-293|scale=HV 2|F=19.62N|mag=50X,50X,HV 2,2,19.62,,709-293
63.24825,-0.013499999999993406,63.254999999999995,63.2415,Micro-Vickers,absolute,112,Micro-Vickers|SN=709-293|scale=HV 2|F=19.62N|mag=50X,50X,HV 2,2,19.62,,709-293
62.69775,-0.32450000000000045,62.86,62.5355,Micro-Vickers,absolute,113,Micro-Vickers|SN=709-293|scale=HV 2|F=19.62N|mag=50X,50X,HV 2,2,19.62,,709-293
44.2965,0.3679748964365056,44.215,44.378,Micro-Vickers,relative_percent,60,Micro-Vickers|SN=710-404|scale=HV 0.05|F=0.4905N|mag=50X,50X,HV 0.05,0.05,0.4905,,710-404
43.64575,0.19818653591701577,43.6025,43.689,Micro-Vickers,relative_percent,61,Micro-Vickers|SN=710-404|scale=HV 0.05|F=0.4905N|mag=50X,50X,HV 0.05,0.05,0.4905,,710-404
42.269999999999996,0.37851904423942206,42.19,42.35,Micro-Vickers,relative_percent,62,Micro-Vickers|SN=710-404|scale=HV 0.05|F=0.4905N|mag=50X,50X,HV 0.05,0.05,0.4905,,710-404
28.6085,0.11185486830836999,28.5925,28.6245,Micro-Vickers,relative_percent,63,Micro-Vickers|SN=711-081|scale=HV 0.05|F=0.4905N|mag=50X,50X,HV 0.05,0.05,0.4905,,711-081
29.128500000000003,0.3158418730796378,29.0825,29.174500000000002,Micro-Vickers,relative_percent,64,Micro-Vickers|SN=711-081|scale=HV 0.05|F=0.4905N|mag=50X,50X,HV 0.05,0.05,0.4905,,711-081
28.65525,0.26347702428001196,28.6175,28.692999999999998,Micro-Vickers,relative_percent,65,Micro-Vickers|SN=711-081|scale=HV 0.05|F=0.4905N|mag=50X,50X,HV 0.05,0.05,0.4905,,711-081
20.872999999999998,0.2970344464140333,20.842,20.904,Micro-Vickers,relative_percent,66,Micro-Vickers|SN=710-655|scale=HV 0.05|F=0.4905N|mag=50X,50X,HV 0.05,0.05,0.4905,,710-655
20.74725,-0.14700743472026398,20.7625,20.732,Micro-Vickers,relative_percent,67,Micro-Vickers|SN=710-655|scale=HV 0.05|F=0.4905N|mag=50X,50X,HV 0.05,0.05,0.4905,,710-655
20.982,0.37174721189592486,20.942999999999998,21.021,Micro-Vickers,relative_percent,68,Micro-Vickers|SN=710-655|scale=HV 0.05|F=0.4905N|mag=50X,50X,HV 0.05,0.05,0.4905,,710-655
94.4515,0.16198789855109935,94.375,94.52799999999999,Micro-Vickers,relative_percent,69,Micro-Vickers|SN=711-081|scale=HV 0.5|F=4.905N|mag=50X,50X,HV 0.5,0.5,4.905,,711-081
93.23349999999999,0.2574182026846519,93.1135,93.3535,Micro-Vickers,relative_percent,70,Micro-Vickers|SN=711-081|scale=HV 0.5|F=4.905N|mag=50X,50X,HV 0.5,0.5,4.905,,711-081
94.22575,0.04085931924128923,94.2065,94.245,Micro-Vickers,relative_percent,71,Micro-Vickers|SN=711-081|scale=HV 0.5|F=4.905N|mag=50X,50X,HV 0.5,0.5,4.905,,711-081
53.95525,-0.2122128986521362,54.0125,53.897999999999996,Micro-Vickers,relative_percent,72,Micro-Vickers|SN=706-437|scale=HV 0.5|F=4.905N|mag=50X,50X,HV 0.5,0.5,4.905,,706-437
53.792500000000004,0.19891248780034262,53.739000000000004,53.846000000000004,Micro-Vickers,relative_percent,73,Micro-Vickers|SN=706-437|scale=HV 0.5|F=4.905N|mag=50X,50X,HV 0.5,0.5,4.905,,706-437
54.1895,0.2601980088393607,54.119,54.260000000000005,Micro-Vickers,relative_percent,74,Micro-Vickers|SN=706-437|scale=HV 0.5|F=4.905N|mag=50X,50X,HV 0.5,0.5,4.905,,706-437
42.971000000000004,0.3769984408089319,42.89,43.05200000000001,Micro-Vickers,relative_percent,75,Micro-Vickers|SN=711-246|scale=HV 0.5|F=4.905N|mag=50X,50X,HV 0.5,0.5,4.905,,711-246
42.38675,-0.17576247294260697,42.424,42.3495,Micro-Vickers,relative_percent,76,Micro-Vickers|SN=711-246|scale=HV 0.5|F=4.905N|mag=50X,50X,HV 0.5,0.5,4.905,,711-246
42.73825,1.138324568741098,42.495000000000005,42.9815,Micro-Vickers,relative_percent,77,Micro-Vickers|SN=711-246|scale=HV 0.5|F=4.905N|mag=50X,50X,HV 0.5,0.5,4.905,,711-246
35.07625,-0.7882826698977189,35.2145,34.938,Micro-Vickers,relative_percent,78,Micro-Vickers|SN=710-106|scale=HV 0.5|F=4.905N|mag=50X,50X,HV 0.5,0.5,4.905,,710-106
35.2705,0.2580059823365166,35.225,35.316,Micro-Vickers,relative_percent,79,Micro-Vickers|SN=710-106|scale=HV 0.5|F=4.905N|mag=50X,50X,HV 0.5,0.5,4.905,,710-106
34.83275,-0.44067723622164195,34.909499999999994,34.756,Micro-Vickers,relative_percent,80,Micro-Vickers|SN=710-106|scale=HV 0.5|F=4.905N|mag=50X,50X,HV 0.5,0.5,4.905,,710-106
30.866999999999997,0.4179220526776212,30.8025,30.9315,Micro-Vickers,relative_percent,81,Micro-Vickers|SN=709-293|scale=HV 0.5|F=4.905N|mag=50X,50X,HV 0.5,0.5,4.905,,709-293
30.79475,0.17697821868988847,30.7675,30.822000000000003,Micro-Vickers,relative_percent,82,Micro-Vickers|SN=709-293|scale=HV 0.5|F=4.905N|mag=50X,50X,HV 0.5,0.5,4.905,,709-293
30.55475,-0.37473715216127135,30.612,30.497500000000002,Micro-Vickers,relative_percent,83,Micro-Vickers|SN=709-293|scale=HV 0.5|F=4.905N|mag=50X,50X,HV 0.5,0.5,4.905,,709-293
134.053,0.20141287401250388,133.918,134.188,Micro-Vickers,relative_percent,84,Micro-Vickers|SN=711-081|scale=HV 1|F=9.81N|mag=20X,20X,HV 1,1,9.81,,711-081
134.2715,0.0811788056289003,134.21699999999998,134.326,Micro-Vickers,relative_percent,85,Micro-Vickers|SN=711-081|scale=HV 1|F=9.81N|mag=20X,20X,HV 1,1,9.81,,711-081
133.45625,0.0026225823069376676,133.4545,133.458,Micro-Vickers,relative_percent,86,Micro-Vickers|SN=711-081|scale=HV 1|F=9.81N|mag=20X,20X,HV 1,1,9.81,,711-081
77.623,-0.2744032052355537,77.7295,77.51650000000001,Micro-Vickers,relative_percent,87,Micro-Vickers|SN=706-437|scale=HV 1|F=9.81N|mag=50X,50X,HV 1,1,9.81,,706-437
75.44375,-0.5958081352000669,75.6685,75.219,Micro-Vickers,relative_percent,88,Micro-Vickers|SN=706-437|scale=HV 1|F=9.81N|mag=50X,50X,HV 1,1,9.81,,706-437
76.419,-0.5522186890694684,76.63,76.208,Micro-Vickers,relative_percent,89,Micro-Vickers|SN=706-437|scale=HV 1|F=9.81N|mag=50X,50X,HV 1,1,9.81,,706-437
60.91225,0.03365497088023905,60.902,60.9225,Micro-Vickers,relative_percent,90,Micro-Vickers|SN=711-246|scale=HV 1|F=9.81N|mag=50X,50X,HV 1,1,9.81,,711-246
60.2545,-1.0455650615306902,60.569500000000005,59.939499999999995,Micro-Vickers,relative_percent,91,Micro-Vickers|SN=711-246|scale=HV 1|F=9.81N|mag=50X,50X,HV 1,1,9.81,,711-246
60.02575,-0.1890855174654243,60.0825,59.969,Micro-Vickers,relative_percent,92,Micro-Vickers|SN=711-246|scale=HV 1|F=9.81N|mag=50X,50X,HV 1,1,9.81,,711-246
50.48675,-0.718010170985451,50.668,50.3055,Micro-Vickers,relative_percent,93,Micro-Vickers|SN=710-106|scale=HV 1|F=9.81N|mag=50X,50X,HV 1,1,9.81,,710-106
50.197,-0.5558101081738022,50.3365,50.0575,Micro-Vickers,relative_percent,94,Micro-Vickers|SN=710-106|scale=HV 1|F=9.81N|mag=50X,50X,HV 1,1,9.81,,710-106
49.879,-0.6636059263417532,50.0445,49.713499999999996,Micro-Vickers,relative_percent,95,Micro-Vickers|SN=710-106|scale=HV 1|F=9.81N|mag=50X,50X,HV 1,1,9.81,,710-106
44.696,-1.8122427062824467,45.101,44.291,Micro-Vickers,relative_percent,96,Micro-Vickers|SN=709-293|scale=HV 1|F=9.81N|mag=50X,50X,HV 1,1,9.81,,709-293
44.58975,-1.8916903548461061,45.0115,44.168000000000006,Micro-Vickers,relative_percent,97,Micro-Vickers|SN=709-293|scale=HV 1|F=9.81N|mag=50X,50X,HV 1,1,9.81,,709-293
44.95925,-1.15993927834651,45.22,44.698499999999996,Micro-Vickers,relative_percent,98,Micro-Vickers|SN=709-293|scale=HV 1|F=9.81N|mag=50X,50X,HV 1,1,9.81,,709-293
190.0435,0.10629145432492992,189.9425,190.1445,Micro-Vickers,relative_percent,99,Micro-Vickers|SN=711-081|scale=HV 2|F=19.62N|mag=20X,20X,HV 2,2,19.62,,711-081
187.80925,0.22602720579525407,187.59699999999998,188.0215,Micro-Vickers,relative_percent,100,Micro-Vickers|SN=711-081|scale=HV 2|F=19.62N|mag=20X,20X,HV 2,2,19.62,,711-081
190.60825,0.21064145964301054,190.4075,190.809,Micro-Vickers,relative_percent,101,Micro-Vickers|SN=711-081|scale=HV 2|F=19.62N|mag=20X,20X,HV 2,2,19.62,,711-081
108.59525,0.043740403010260054,108.5715,108.619,Micro-Vickers,relative_percent,102,Micro-Vickers|SN=706-437|scale=HV 2|F=19.62N|mag=20X,20X,HV 2,2,19.62,,706-437
107.93,-0.05559158713981494,107.96000000000001,107.9,Micro-Vickers,relative_percent,103,Micro-Vickers|SN=706-437|scale=HV 2|F=19.62N|mag=20X,20X,HV 2,2,19.62,,706-437
107.67575,0.08497735098199583,107.63,107.72149999999999,Micro-Vickers,relative_percent,104,Micro-Vickers|SN=706-437|scale=HV 2|F=19.62N|mag=20X,20X,HV 2,2,19.62,,706-437
84.6175,-0.1288149614441394,84.672,84.563,Micro-Vickers,relative_percent,105,Micro-Vickers|SN=711-246|scale=HV 2|F=19.62N|mag=50X,50X,HV 2,2,19.62,,711-246
85.024,-0.0705683101242029,85.054,84.994,Micro-Vickers,relative_percent,106,Micro-Vickers|SN=711-246|scale=HV 2|F=19.62N|mag=50X,50X,HV 2,2,19.62,,711-246
85.04475,-0.021753253434225007,85.054,85.0355,Micro-Vickers,relative_percent,107,Micro-Vickers|SN=711-246|scale=HV 2|F=19.62N|mag=50X,50X,HV 2,2,19.62,,711-246
70.78075,-0.05863176075417881,70.8015,70.75999999999999,Micro-Vickers,relative_percent,108,Micro-Vickers|SN=710-106|scale=HV 2|F=19.62N|mag=50X,50X,HV 2,2,19.62,,710-106
70.71025,-0.4900279662425063,70.8835,70.537,Micro-Vickers,relative_percent,109,Micro-Vickers|SN=710-106|scale=HV 2|F=19.62N|mag=50X,50X,HV 2,2,19.62,,710-106
70.55525,-0.5010257918439759,70.732,70.3785,Micro-Vickers,relative_percent,110,Micro-Vickers|SN=710-106|scale=HV 2|F=19.62N|mag=50X,50X,HV 2,2,19.62,,710-106
63.70325,0.1373556294223585,63.6595,63.747,Micro-Vickers,relative_percent,111,Micro-Vickers|SN=709-293|scale=HV 2|F=19.62N|mag=50X,50X,HV 2,2,19.62,,709-293
63.24825,-0.02134446407607073,63.254999999999995,63.2415,Micro-Vickers,relative_percent,112,Micro-Vickers|SN=709-293|scale=HV 2|F=19.62N|mag=50X,50X,HV 2,2,19.62,,709-293
62.69775,-0.5175624324636856,62.86,62.5355,Micro-Vickers,relative_percent,113,Micro-Vickers|SN=709-293|scale=HV 2|F=19.62N|mag=50X,50X,HV 2,2,19.62,,709-293
3.7909039745859614,0.003679753116526019,44.215,44.378,Micro-Vickers,log_ratio,60,Micro-Vickers|SN=710-404|scale=HV 0.05|F=0.4905N|mag=50X,50X,HV 0.05,0.05,0.4905,,710-404
3.77610542116462,0.0019818660078665395,43.6025,43.689,Micro-Vickers,log_ratio,61,Micro-Vickers|SN=710-404|scale=HV 0.05|F=0.4905N|mag=50X,50X,HV 0.05,0.05,0.4905,,710-404
3.7440758236171554,0.003785194961816174,42.19,42.35,Micro-Vickers,log_ratio,62,Micro-Vickers|SN=710-404|scale=HV 0.05|F=0.4905N|mag=50X,50X,HV 0.05,0.05,0.4905,,710-404
3.3537037200730877,0.0011185487997065202,28.5925,28.6245,Micro-Vickers,log_ratio,63,Micro-Vickers|SN=711-081|scale=HV 0.05|F=0.4905N|mag=50X,50X,HV 0.05,0.05,0.4905,,711-081
3.371715829386982,0.0031584213563964347,29.0825,29.174500000000002,Micro-Vickers,log_ratio,64,Micro-Vickers|SN=711-081|scale=HV 0.05|F=0.4905N|mag=50X,50X,HV 0.05,0.05,0.4905,,711-081
3.355335804694004,0.00263477176701965,28.6175,28.692999999999998,Micro-Vickers,log_ratio,65,Micro-Vickers|SN=711-081|scale=HV 0.05|F=0.4905N|mag=50X,50X,HV 0.05,0.05,0.4905,,711-081
3.0384553548942734,0.002970346648075939,20.842,20.904,Micro-Vickers,log_ratio,66,Micro-Vickers|SN=710-655|scale=HV 0.05|F=0.4905N|mag=50X,50X,HV 0.05,0.05,0.4905,,710-655
3.0324134376334366,-0.0014700746119533648,20.7625,20.732,Micro-Vickers,log_ratio,67,Micro-Vickers|SN=710-655|scale=HV 0.05|F=0.4905N|mag=50X,50X,HV 0.05,0.05,0.4905,,710-655
3.0436631998564403,0.0037174764001326466,20.942999999999998,21.021,Micro-Vickers,log_ratio,68,Micro-Vickers|SN=710-655|scale=HV 0.05|F=0.4905N|mag=50X,50X,HV 0.05,0.05,0.4905,,710-655
4.548086147239052,0.0016198793397261824,94.375,94.52799999999999,Micro-Vickers,log_ratio,69,Micro-Vickers|SN=711-081|scale=HV 0.5|F=4.905N|mag=50X,50X,HV 0.5,0.5,4.905,,711-081
4.5351062708654855,0.0025741834483143933,93.1135,93.3535,Micro-Vickers,log_ratio,70,Micro-Vickers|SN=711-081|scale=HV 0.5|F=4.905N|mag=50X,50X,HV 0.5,0.5,4.905,,711-081
4.5456934779239715,0.0004085931980970514,94.2065,94.245,Micro-Vickers,log_ratio,71,Micro-Vickers|SN=711-081|scale=HV 0.5|F=4.905N|mag=50X,50X,HV 0.5,0.5,4.905,,711-081
3.988154436366588,-0.002122129782927029,54.0125,53.897999999999996,Micro-Vickers,log_ratio,72,Micro-Vickers|SN=706-437|scale=HV 0.5|F=4.905N|mag=50X,50X,HV 0.5,0.5,4.905,,706-437
3.985133557668002,0.001989125533853997,53.739000000000004,53.846000000000004,Micro-Vickers,log_ratio,73,Micro-Vickers|SN=706-437|scale=HV 0.5|F=4.905N|mag=50X,50X,HV 0.5,0.5,4.905,,706-437
3.9924863164525806,0.0026019815564106707,54.119,54.260000000000005,Micro-Vickers,log_ratio,74,Micro-Vickers|SN=706-437|scale=HV 0.5|F=4.905N|mag=50X,50X,HV 0.5,0.5,4.905,,706-437
3.76052369296542,0.003769988873262964,42.89,43.05200000000001,Micro-Vickers,log_ratio,75,Micro-Vickers|SN=711-246|scale=HV 0.5|F=4.905N|mag=50X,50X,HV 0.5,0.5,4.905,,711-246
3.7468354272438766,-0.0017576251819040323,42.424,42.3495,Micro-Vickers,log_ratio,76,Micro-Vickers|SN=711-246|scale=HV 0.5|F=4.905N|mag=50X,50X,HV 0.5,0.5,4.905,,711-246
3.7550781062547154,0.011383368608252287,42.495000000000005,42.9815,Micro-Vickers,log_ratio,77,Micro-Vickers|SN=711-246|scale=HV 0.5|F=4.905N|mag=50X,50X,HV 0.5,0.5,4.905,,711-246
3.557516495842326,-0.00788286751857692,35.2145,34.938,Micro-Vickers,log_ratio,78,Micro-Vickers|SN=710-106|scale=HV 0.5|F=4.905N|mag=50X,50X,HV 0.5,0.5,4.905,,710-106
3.5630460884120403,0.002580061254592092,35.225,35.316,Micro-Vickers,log_ratio,79,Micro-Vickers|SN=710-106|scale=HV 0.5|F=4.905N|mag=50X,50X,HV 0.5,0.5,4.905,,710-106
3.550555608723826,-0.004406779493732582,34.909499999999994,34.756,Micro-Vickers,log_ratio,80,Micro-Vickers|SN=710-106|scale=HV 0.5|F=4.905N|mag=50X,50X,HV 0.5,0.5,4.905,,710-106
3.4296854688214897,0.004179226609607234,30.8025,30.9315,Micro-Vickers,log_ratio,81,Micro-Vickers|SN=709-293|scale=HV 0.5|F=4.905N|mag=50X,50X,HV 0.5,0.5,4.905,,709-293
3.42734382938877,0.0017697826488314305,30.7675,30.822000000000003,Micro-Vickers,log_ratio,82,Micro-Vickers|SN=709-293|scale=HV 0.5|F=4.905N|mag=50X,50X,HV 0.5,0.5,4.905,,709-293
3.419518400994215,-0.0037473759069190926,30.612,30.497500000000002,Micro-Vickers,log_ratio,83,Micro-Vickers|SN=709-293|scale=HV 0.5|F=4.905N|mag=50X,50X,HV 0.5,0.5,4.905,,709-293
4.89823473705103,0.0020141294210205274,133.918,134.188,Micro-Vickers,log_ratio,84,Micro-Vickers|SN=711-081|scale=HV 1|F=9.81N|mag=20X,20X,HV 1,1,9.81,,711-081
4.8998637871673,0.0008117881008695704,134.21699999999998,134.326,Micro-Vickers,log_ratio,85,Micro-Vickers|SN=711-081|scale=HV 1|F=9.81N|mag=20X,20X,HV 1,1,9.81,,711-081
4.893773708688112,2.6225823071435173e-05,133.4545,133.458,Micro-Vickers,log_ratio,86,Micro-Vickers|SN=711-081|scale=HV 1|F=9.81N|mag=20X,20X,HV 1,1,9.81,,711-081
4.351862833811518,-0.0027440337741717613,77.7295,77.51650000000001,Micro-Vickers,log_ratio,87,Micro-Vickers|SN=706-437|scale=HV 1|F=9.81N|mag=50X,50X,HV 1,1,9.81,,706-437
4.323382908105936,-0.005958098977456139,75.6685,75.219,Micro-Vickers,log_ratio,88,Micro-Vickers|SN=706-437|scale=HV 1|F=9.81N|mag=50X,50X,HV 1,1,9.81,,706-437
4.336227544520408,-0.005522200923808285,76.63,76.208,Micro-Vickers,log_ratio,89,Micro-Vickers|SN=706-437|scale=HV 1|F=9.81N|mag=50X,50X,HV 1,1,9.81,,706-437
4.109434289755091,0.00033654971197893957,60.902,60.9225,Micro-Vickers,log_ratio,90,Micro-Vickers|SN=711-246|scale=HV 1|F=9.81N|mag=50X,50X,HV 1,1,9.81,,711-246
4.098563593112914,-0.010455745868394928,60.569500000000005,59.939499999999995,Micro-Vickers,log_ratio,91,Micro-Vickers|SN=711-246|scale=HV 1|F=9.81N|mag=50X,50X,HV 1,1,9.81,,711-246
4.094773189906233,-0.0018908557380248325,60.0825,59.969,Micro-Vickers,log_ratio,92,Micro-Vickers|SN=711-246|scale=HV 1|F=9.81N|mag=50X,50X,HV 1,1,9.81,,711-246
3.9217044813429247,-0.00718013255692318,50.668,50.3055,Micro-Vickers,log_ratio,93,Micro-Vickers|SN=710-106|scale=HV 1|F=9.81N|mag=50X,50X,HV 1,1,9.81,,710-106
3.9159514023798847,-0.005558115390435159,50.3365,50.0575,Micro-Vickers,log_ratio,94,Micro-Vickers|SN=710-106|scale=HV 1|F=9.81N|mag=50X,50X,HV 1,1,9.81,,710-106
3.9095945678047723,-0.006636083616413213,50.0445,49.713499999999996,Micro-Vickers,log_ratio,95,Micro-Vickers|SN=710-106|scale=HV 1|F=9.81N|mag=50X,50X,HV 1,1,9.81,,710-106
3.799842957676092,-0.01812292307145258,45.101,44.291,Micro-Vickers,log_ratio,96,Micro-Vickers|SN=709-293|scale=HV 1|F=9.81N|mag=50X,50X,HV 1,1,9.81,,709-293
3.79745927882943,-0.01891746769537317,45.0115,44.168000000000006,Micro-Vickers,log_ratio,97,Micro-Vickers|SN=709-293|scale=HV 1|F=9.81N|mag=50X,50X,HV 1,1,9.81,,709-293
3.8057397054296587,-0.011599522840330945,45.22,44.698499999999996,Micro-Vickers,log_ratio,98,Micro-Vickers|SN=709-293|scale=HV 1|F=9.81N|mag=50X,50X,HV 1,1,9.81,,709-293
5.247252852101022,0.0010629146433220882,189.9425,190.1445,Micro-Vickers,log_ratio,99,Micro-Vickers|SN=711-081|scale=HV 2|F=19.62N|mag=20X,20X,HV 2,2,19.62,,711-081
5.2354261814831595,0.0022602730202327947,187.59699999999998,188.0215,Micro-Vickers,log_ratio,100,Micro-Vickers|SN=711-081|scale=HV 2|F=19.62N|mag=20X,20X,HV 2,2,19.62,,711-081
5.2502197200254095,0.0021064153752741177,190.4075,190.809,Micro-Vickers,log_ratio,101,Micro-Vickers|SN=711-081|scale=HV 2|F=19.62N|mag=20X,20X,HV 2,2,19.62,,711-081
4.6876276441381215,0.0004374040370764831,108.5715,108.619,Micro-Vickers,log_ratio,102,Micro-Vickers|SN=706-437|scale=HV 2|F=19.62N|mag=20X,20X,HV 2,2,19.62,,706-437
4.681482830206946,-0.0005559158857151303,107.96000000000001,107.9,Micro-Vickers,log_ratio,103,Micro-Vickers|SN=706-437|scale=HV 2|F=19.62N|mag=20X,20X,HV 2,2,19.62,,706-437
4.679124306056685,0.0008497735609562795,107.63,107.72149999999999,Micro-Vickers,log_ratio,104,Micro-Vickers|SN=706-437|scale=HV 2|F=19.62N|mag=20X,20X,HV 2,2,19.62,,706-437
4.438140893596209,-0.001288149792563864,84.672,84.563,Micro-Vickers,log_ratio,105,Micro-Vickers|SN=711-246|scale=HV 2|F=19.62N|mag=50X,50X,HV 2,2,19.62,,711-246
4.442933507328819,-0.0007056831305272127,85.054,84.994,Micro-Vickers,log_ratio,106,Micro-Vickers|SN=711-246|scale=HV 2|F=19.62N|mag=50X,50X,HV 2,2,19.62,,711-246
4.4431775826264825,-0.0002175325352000712,85.054,85.0355,Micro-Vickers,log_ratio,107,Micro-Vickers|SN=711-246|scale=HV 2|F=19.62N|mag=50X,50X,HV 2,2,19.62,,711-246
4.259587028103754,-0.0005863176243385837,70.8015,70.75999999999999,Micro-Vickers,log_ratio,108,Micro-Vickers|SN=710-106|scale=HV 2|F=19.62N|mag=50X,50X,HV 2,2,19.62,,710-106
4.258587539576106,-0.0049002894682228515,70.8835,70.537,Micro-Vickers,log_ratio,109,Micro-Vickers|SN=710-106|scale=HV 2|F=19.62N|mag=50X,50X,HV 2,2,19.62,,710-106
4.2563929529930355,-0.005010268399389339,70.732,70.3785,Micro-Vickers,log_ratio,110,Micro-Vickers|SN=710-106|scale=HV 2|F=19.62N|mag=50X,50X,HV 2,2,19.62,,710-106
4.154235345852617,0.0013735565101757885,63.6595,63.747,Micro-Vickers,log_ratio,111,Micro-Vickers|SN=709-293|scale=HV 2|F=19.62N|mag=50X,50X,HV 2,2,19.62,,709-293
4.147067453545848,-0.00021344464157113663,63.254999999999995,63.2415,Micro-Vickers,log_ratio,112,Micro-Vickers|SN=709-293|scale=HV 2|F=19.62N|mag=50X,50X,HV 2,2,19.62,,709-293
4.138322213430417,-0.0051756358780084,62.86,62.5355,Micro-Vickers,log_ratio,113,Micro-Vickers|SN=709-293|scale=HV 2|F=19.62N|mag=50X,50X,HV 2,2,19.62,,709-293
184.1415,0.43600000000000705,183.9235,184.3595,Vickers,absolute,0,Vickers|SN=293-250|scale=HV 3|F=29.43N|mag=20X,20X,HV 3,3,29.43,,293-250
184.93375,-0.44350000000002865,185.15550000000002,184.712,Vickers,absolute,1,Vickers|SN=293-250|scale=HV 3|F=29.43N|mag=20X,20X,HV 3,3,29.43,,293-250
184.65825,0.13750000000001705,184.5895,184.727,Vickers,absolute,2,Vickers|SN=293-250|scale=HV 3|F=29.43N|mag=20X,20X,HV 3,3,29.43,,293-250
135.4025,0.08999999999997499,135.35750000000002,135.4475,Vickers,absolute,3,Vickers|SN=294-367|scale=HV 3|F=29.43N|mag=20X,20X,HV 3,3,29.43,,294-367
134.78924999999998,-0.0004999999999881766,134.78949999999998,134.789,Vickers,absolute,4,Vickers|SN=294-367|scale=HV 3|F=29.43N|mag=20X,20X,HV 3,3,29.43,,294-367
135.0375,-0.002999999999985903,135.039,135.036,Vickers,absolute,5,Vickers|SN=294-367|scale=HV 3|F=29.43N|mag=20X,20X,HV 3,3,29.43,,294-367
103.93925,0.37350000000000705,103.7525,104.126,Vickers,absolute,6,Vickers|SN=294-481|scale=HV 3|F=29.43N|mag=20X,20X,HV 3,3,29.43,,294-481
103.93525,0.27949999999999875,103.7955,104.075,Vickers,absolute,7,Vickers|SN=294-481|scale=HV 3|F=29.43N|mag=20X,20X,HV 3,3,29.43,,294-481
104.27725,0.4124999999999943,104.071,104.48349999999999,Vickers,absolute,8,Vickers|SN=294-481|scale=HV 3|F=29.43N|mag=20X,20X,HV 3,3,29.43,,294-481
86.89349999999999,-0.5259999999999962,87.1565,86.6305,Vickers,absolute,9,Vickers|SN=216-610|scale=HV 3|F=29.43N|mag=50X,50X,HV 3,3,29.43,,216-610
87.983,0.35599999999999454,87.805,88.161,Vickers,absolute,10,Vickers|SN=216-610|scale=HV 3|F=29.43N|mag=50X,50X,HV 3,3,29.43,,216-610
87.17,-0.6730000000000018,87.5065,86.8335,Vickers,absolute,11,Vickers|SN=216-610|scale=HV 3|F=29.43N|mag=50X,50X,HV 3,3,29.43,,216-610
78.12375,-0.2365000000000066,78.242,78.0055,Vickers,absolute,12,Vickers|SN=221-101|scale=HV 3|F=29.43N|mag=50X,50X,HV 3,3,29.43,,221-101
77.85900000000001,-0.6420000000000101,78.18,77.538,Vickers,absolute,13,Vickers|SN=221-101|scale=HV 3|F=29.43N|mag=50X,50X,HV 3,3,29.43,,221-101
78.2405,0.27899999999999636,78.101,78.38,Vickers,absolute,14,Vickers|SN=221-101|scale=HV 3|F=29.43N|mag=50X,50X,HV 3,3,29.43,,221-101
478.07624999999996,-0.7164999999999395,478.43449999999996,477.718,Vickers,absolute,15,Vickers|SN=293-250|scale=HV 20|F=196.2N|mag=20X,20X,HV 20,20,196.2,,293-250
481.75775,0.6814999999999714,481.41700000000003,482.0985,Vickers,absolute,16,Vickers|SN=293-250|scale=HV 20|F=196.2N|mag=20X,20X,HV 20,20,196.2,,293-250
478.07574999999997,0.1794999999999618,477.986,478.16549999999995,Vickers,absolute,17,Vickers|SN=293-250|scale=HV 20|F=196.2N|mag=20X,20X,HV 20,20,196.2,,293-250
349.5155,0.5540000000000305,349.2385,349.7925,Vickers,absolute,18,Vickers|SN=294-367|scale=HV 20|F=196.2N|mag=20X,20X,HV 20,20,196.2,,294-367
349.54525,0.02749999999997499,349.5315,349.55899999999997,Vickers,absolute,19,Vickers|SN=294-367|scale=HV 20|F=196.2N|mag=20X,20X,HV 20,20,196.2,,294-367
348.94599999999997,0.2559999999999718,348.818,349.07399999999996,Vickers,absolute,20,Vickers|SN=294-367|scale=HV 20|F=196.2N|mag=20X,20X,HV 20,20,196.2,,294-367
269.91525,-0.015499999999974534,269.923,269.9075,Vickers,absolute,21,Vickers|SN=294-481|scale=HV 20|F=196.2N|mag=20X,20X,HV 20,20,196.2,,294-481
269.748,-0.22699999999997544,269.8615,269.6345,Vickers,absolute,22,Vickers|SN=294-481|scale=HV 20|F=196.2N|mag=20X,20X,HV 20,20,196.2,,294-481
270.35749999999996,-0.28899999999998727,270.50199999999995,270.21299999999997,Vickers,absolute,23,Vickers|SN=294-481|scale=HV 20|F=196.2N|mag=20X,20X,HV 20,20,196.2,,294-481
227.72025,-0.0024999999999977263,227.7215,227.719,Vickers,absolute,24,Vickers|SN=216-610|scale=HV 20|F=196.2N|mag=20X,20X,HV 20,20,196.2,,216-610
227.3155,-0.657999999999987,227.6445,226.9865,Vickers,absolute,25,Vickers|SN=216-610|scale=HV 20|F=196.2N|mag=20X,20X,HV 20,20,196.2,,216-610
226.8995,-0.1910000000000025,226.995,226.804,Vickers,absolute,26,Vickers|SN=216-610|scale=HV 20|F=196.2N|mag=20X,20X,HV 20,20,196.2,,216-610
202.724,0.07399999999998386,202.687,202.761,Vickers,absolute,27,Vickers|SN=221-101|scale=HV 20|F=196.2N|mag=20X,20X,HV 20,20,196.2,,221-101
202.92775,-0.25549999999998363,203.0555,202.8,Vickers,absolute,28,Vickers|SN=221-101|scale=HV 20|F=196.2N|mag=20X,20X,HV 20,20,196.2,,221-101
202.42975,-0.5854999999999961,202.7225,202.137,Vickers,absolute,29,Vickers|SN=221-101|scale=HV 20|F=196.2N|mag=20X,20X,HV 20,20,196.2,,221-101
756.77025,0.5985000000000582,756.471,757.0695000000001,Vickers,absolute,30,Vickers|SN=293-250|scale=HV 50|F=490.5N|mag=20X,20X,HV 50,50,490.5,,293-250
759.0805,0.40399999999999636,758.8785,759.2825,Vickers,absolute,31,Vickers|SN=293-250|scale=HV 50|F=490.5N|mag=20X,20X,HV 50,50,490.5,,293-250
753.5029999999999,0.15999999999996817,753.423,753.583,Vickers,absolute,32,Vickers|SN=293-250|scale=HV 50|F=490.5N|mag=20X,20X,HV 50,50,490.5,,293-250
551.74625,0.4674999999999727,551.5125,551.98,Vickers,absolute,33,Vickers|SN=294-367|scale=HV 50|F=490.5N|mag=20X,20X,HV 50,50,490.5,,294-367
552.0902500000001,-0.20849999999995816,552.1945000000001,551.9860000000001,Vickers,absolute,34,Vickers|SN=294-367|scale=HV 50|F=490.5N|mag=20X,20X,HV 50,50,490.5,,294-367
551.3025,-0.1410000000000764,551.373,551.232,Vickers,absolute,35,Vickers|SN=294-367|scale=HV 50|F=490.5N|mag=20X,20X,HV 50,50,490.5,,294-367
426.41275,0.1754999999999427,426.32500000000005,426.5005,Vickers,absolute,36,Vickers|SN=294-481|scale=HV 50|F=490.5N|mag=20X,20X,HV 50,50,490.5,,294-481
426.95950000000005,0.4989999999999668,426.71000000000004,427.209,Vickers,absolute,37,Vickers|SN=294-481|scale=HV 50|F=490.5N|mag=20X,20X,HV 50,50,490.5,,294-481
426.65625,0.15949999999998,426.5765,426.736,Vickers,absolute,38,Vickers|SN=294-481|scale=HV 50|F=490.5N|mag=20X,20X,HV 50,50,490.5,,294-481
360.298,-0.17399999999997817,360.385,360.211,Vickers,absolute,39,Vickers|SN=216-610|scale=HV 50|F=490.5N|mag=20X,20X,HV 50,50,490.5,,216-610
360.6465,-0.21699999999998454,360.755,360.538,Vickers,absolute,40,Vickers|SN=216-610|scale=HV 50|F=490.5N|mag=20X,20X,HV 50,50,490.5,,216-610
360.9525,-0.4390000000000782,361.172,360.73299999999995,Vickers,absolute,41,Vickers|SN=216-610|scale=HV 50|F=490.5N|mag=20X,20X,HV 50,50,490.5,,216-610
321.3145,-0.8909999999999627,321.76,320.869,Vickers,absolute,42,Vickers|SN=221-101|scale=HV 50|F=490.5N|mag=20X,20X,HV 50,50,490.5,,221-101
321.69425,-0.5074999999999363,321.948,321.44050000000004,Vickers,absolute,43,Vickers|SN=221-101|scale=HV 50|F=490.5N|mag=20X,20X,HV 50,50,490.5,,221-101
321.57,-0.26400000000001,321.702,321.438,Vickers,absolute,44,Vickers|SN=221-101|scale=HV 50|F=490.5N|mag=20X,20X,HV 50,50,490.5,,221-101
1069.108,0.32900000000017826,1068.9434999999999,1069.2725,Vickers,absolute,45,Vickers|SN=293-250|scale=HV 100|F=981N|mag=20X,20X,HV 100,100,981.0,,293-250
1072.5722500000002,0.2535000000000309,1072.4455,1072.699,Vickers,absolute,46,Vickers|SN=293-250|scale=HV 100|F=981N|mag=20X,20X,HV 100,100,981.0,,293-250
1066.46,0.28099999999994907,1066.3195,1066.6005,Vickers,absolute,47,Vickers|SN=293-250|scale=HV 100|F=981N|mag=20X,20X,HV 100,100,981.0,,293-250
781.8565,0.14000000000010004,781.7864999999999,781.9265,Vickers,absolute,48,Vickers|SN=294-367|scale=HV 100|F=981N|mag=20X,20X,HV 100,100,981.0,,294-367
781.5282500000001,0.4215000000000373,781.3175,781.739,Vickers,absolute,49,Vickers|SN=294-367|scale=HV 100|F=981N|mag=20X,20X,HV 100,100,981.0,,294-367
781.3924999999999,0.10500000000001819,781.3399999999999,781.4449999999999,Vickers,absolute,50,Vickers|SN=294-367|scale=HV 100|F=981N|mag=20X,20X,HV 100,100,981.0,,294-367
605.8285,-0.20199999999999818,605.9295,605.7275,Vickers,absolute,51,Vickers|SN=294-481|scale=HV 100|F=981N|mag=20X,20X,HV 100,100,981.0,,294-481
606.3255,0.07899999999995089,606.2860000000001,606.365,Vickers,absolute,52,Vickers|SN=294-481|scale=HV 100|F=981N|mag=20X,20X,HV 100,100,981.0,,294-481
604.73075,-0.3774999999999409,604.9195,604.542,Vickers,absolute,53,Vickers|SN=294-481|scale=HV 100|F=981N|mag=20X,20X,HV 100,100,981.0,,294-481
511.3195,-0.05499999999994998,511.347,511.29200000000003,Vickers,absolute,54,Vickers|SN=216-610|scale=HV 100|F=981N|mag=20X,20X,HV 100,100,981.0,,216-610
510.74625000000003,-0.20750000000003865,510.85,510.6425,Vickers,absolute,55,Vickers|SN=216-610|scale=HV 100|F=981N|mag=20X,20X,HV 100,100,981.0,,216-610
511.41675,-0.16849999999999454,511.501,511.3325,Vickers,absolute,56,Vickers|SN=216-610|scale=HV 100|F=981N|mag=20X,20X,HV 100,100,981.0,,216-610
456.064,0.04100000000005366,456.0435,456.08450000000005,Vickers,absolute,57,Vickers|SN=221-101|scale=HV 100|F=981N|mag=20X,20X,HV 100,100,981.0,,221-101
455.83425,-0.1694999999999709,455.919,455.7495,Vickers,absolute,58,Vickers|SN=221-101|scale=HV 100|F=981N|mag=20X,20X,HV 100,100,981.0,,221-101
456.0795,-0.3210000000000264,456.24,455.919,Vickers,absolute,59,Vickers|SN=221-101|scale=HV 100|F=981N|mag=20X,20X,HV 100,100,981.0,,221-101
184.1415,0.2367744370497726,183.9235,184.3595,Vickers,relative_percent,0,Vickers|SN=293-250|scale=HV 3|F=29.43N|mag=20X,20X,HV 3,3,29.43,,293-250
184.93375,-0.2398156096440096,185.15550000000002,184.712,Vickers,relative_percent,1,Vickers|SN=293-250|scale=HV 3|F=29.43N|mag=20X,20X,HV 3,3,29.43,,293-250
184.65825,0.07446187754948239,184.5895,184.727,Vickers,relative_percent,2,Vickers|SN=293-250|scale=HV 3|F=29.43N|mag=20X,20X,HV 3,3,29.43,,293-250
135.4025,0.06646849208838462,135.35750000000002,135.4475,Vickers,relative_percent,3,Vickers|SN=294-367|scale=HV 3|F=29.43N|mag=20X,20X,HV 3,3,29.43,,294-367
134.78924999999998,-0.0003709494636910411,134.78949999999998,134.789,Vickers,relative_percent,4,Vickers|SN=294-367|scale=HV 3|F=29.43N|mag=20X,20X,HV 3,3,29.43,,294-367
135.0375,-0.002221605109681313,135.039,135.036,Vickers,relative_percent,5,Vickers|SN=294-367|scale=HV 3|F=29.43N|mag=20X,20X,HV 3,3,29.43,,294-367
103.93925,0.3593445209581626,103.7525,104.126,Vickers,relative_percent,6,Vickers|SN=294-481|scale=HV 3|F=29.43N|mag=20X,20X,HV 3,3,29.43,,294-481
103.93525,0.2689174269557236,103.7955,104.075,Vickers,relative_percent,7,Vickers|SN=294-481|scale=HV 3|F=29.43N|mag=20X,20X,HV 3,3,29.43,,294-481
104.27725,0.39558005221656145,104.071,104.48349999999999,Vickers,relative_percent,8,Vickers|SN=294-481|scale=HV 3|F=29.43N|mag=20X,20X,HV 3,3,29.43,,294-481
86.89349999999999,-0.6053387192367626,87.1565,86.6305,Vickers,relative_percent,9,Vickers|SN=216-610|scale=HV 3|F=29.43N|mag=50X,50X,HV 3,3,29.43,,216-610
87.983,0.40462362047213046,87.805,88.161,Vickers,relative_percent,10,Vickers|SN=216-610|scale=HV 3|F=29.43N|mag=50X,50X,HV 3,3,29.43,,216-610
87.17,-0.7720546059424135,87.5065,86.8335,Vickers,relative_percent,11,Vickers|SN=216-610|scale=HV 3|F=29.43N|mag=50X,50X,HV 3,3,29.43,,216-610
78.12375,-0.302724843597506,78.242,78.0055,Vickers,relative_percent,12,Vickers|SN=221-101|scale=HV 3|F=29.43N|mag=50X,50X,HV 3,3,29.43,,221-101
77.85900000000001,-0.8245674873810479,78.18,77.538,Vickers,relative_percent,13,Vickers|SN=221-101|scale=HV 3|F=29.43N|mag=50X,50X,HV 3,3,29.43,,221-101
78.2405,0.3565928131849827,78.101,78.38,Vickers,relative_percent,14,Vickers|SN=221-101|scale=HV 3|F=29.43N|mag=50X,50X,HV 3,3,29.43,,221-101
478.07624999999996,-0.14987149016499765,478.43449999999996,477.718,Vickers,relative_percent,15,Vickers|SN=293-250|scale=HV 20|F=196.2N|mag=20X,20X,HV 20,20,196.2,,293-250
481.75775,0.1414611389230316,481.41700000000003,482.0985,Vickers,relative_percent,16,Vickers|SN=293-250|scale=HV 20|F=196.2N|mag=20X,20X,HV 20,20,196.2,,293-250
478.07574999999997,0.03754635117969523,477.986,478.16549999999995,Vickers,relative_percent,17,Vickers|SN=293-250|scale=HV 20|F=196.2N|mag=20X,20X,HV 20,20,196.2,,293-250
349.5155,0.15850513067375568,349.2385,349.7925,Vickers,relative_percent,18,Vickers|SN=294-367|scale=HV 20|F=196.2N|mag=20X,20X,HV 20,20,196.2,,294-367
349.54525,0.007867364811844815,349.5315,349.55899999999997,Vickers,relative_percent,19,Vickers|SN=294-367|scale=HV 20|F=196.2N|mag=20X,20X,HV 20,20,196.2,,294-367
348.94599999999997,0.07336378694696939,348.818,349.07399999999996,Vickers,relative_percent,20,Vickers|SN=294-367|scale=HV 20|F=196.2N|mag=20X,20X,HV 20,20,196.2,,294-367
269.91525,-0.0057425432612549804,269.923,269.9075,Vickers,relative_percent,21,Vickers|SN=294-481|scale=HV 20|F=196.2N|mag=20X,20X,HV 20,20,196.2,,294-481
269.748,-0.08415261651614672,269.8615,269.6345,Vickers,relative_percent,22,Vickers|SN=294-481|scale=HV 20|F=196.2N|mag=20X,20X,HV 20,20,196.2,,294-481
270.35749999999996,-0.10689549947753893,270.50199999999995,270.21299999999997,Vickers,relative_percent,23,Vickers|SN=294-481|scale=HV 20|F=196.2N|mag=20X,20X,HV 20,20,196.2,,294-481
227.72025,-0.001097838246707408,227.7215,227.719,Vickers,relative_percent,24,Vickers|SN=216-610|scale=HV 20|F=196.2N|mag=20X,20X,HV 20,20,196.2,,216-610
227.3155,-0.2894655225886431,227.6445,226.9865,Vickers,relative_percent,25,Vickers|SN=216-610|scale=HV 20|F=196.2N|mag=20X,20X,HV 20,20,196.2,,216-610
226.8995,-0.08417823750162627,226.995,226.804,Vickers,relative_percent,26,Vickers|SN=216-610|scale=HV 20|F=196.2N|mag=20X,20X,HV 20,20,196.2,,216-610
202.724,0.036502831435835846,202.687,202.761,Vickers,relative_percent,27,Vickers|SN=221-101|scale=HV 20|F=196.2N|mag=20X,20X,HV 20,20,196.2,,221-101
202.92775,-0.12590688065086397,203.0555,202.8,Vickers,relative_percent,28,Vickers|SN=221-101|scale=HV 20|F=196.2N|mag=20X,20X,HV 20,20,196.2,,221-101
202.42975,-0.2892361424148358,202.7225,202.137,Vickers,relative_percent,29,Vickers|SN=221-101|scale=HV 20|F=196.2N|mag=20X,20X,HV 20,20,196.2,,221-101
756.77025,0.07908608986678033,756.471,757.0695000000001,Vickers,relative_percent,30,Vickers|SN=293-250|scale=HV 50|F=490.5N|mag=20X,20X,HV 50,50,490.5,,293-250
759.0805,0.053222286700817155,758.8785,759.2825,Vickers,relative_percent,31,Vickers|SN=293-250|scale=HV 50|F=490.5N|mag=20X,20X,HV 50,50,490.5,,293-250
753.5029999999999,0.021234155670245267,753.423,753.583,Vickers,relative_percent,32,Vickers|SN=293-250|scale=HV 50|F=490.5N|mag=20X,20X,HV 50,50,490.5,,293-250
551.74625,0.08473097914122166,551.5125,551.98,Vickers,relative_percent,33,Vickers|SN=294-367|scale=HV 50|F=490.5N|mag=20X,20X,HV 50,50,490.5,,294-367
552.0902500000001,-0.037765564597447274,552.1945000000001,551.9860000000001,Vickers,relative_percent,34,Vickers|SN=294-367|scale=HV 50|F=490.5N|mag=20X,20X,HV 50,50,490.5,,294-367
551.3025,-0.02557579550248301,551.373,551.232,Vickers,relative_percent,35,Vickers|SN=294-367|scale=HV 50|F=490.5N|mag=20X,20X,HV 50,50,490.5,,294-367
426.41275,0.04115730592013084,426.32500000000005,426.5005,Vickers,relative_percent,36,Vickers|SN=294-481|scale=HV 50|F=490.5N|mag=20X,20X,HV 50,50,490.5,,294-481
426.95950000000005,0.1168729118335502,426.71000000000004,427.209,Vickers,relative_percent,37,Vickers|SN=294-481|scale=HV 50|F=490.5N|mag=20X,20X,HV 50,50,490.5,,294-481
426.65625,0.037383725188598546,426.5765,426.736,Vickers,relative_percent,38,Vickers|SN=294-481|scale=HV 50|F=490.5N|mag=20X,20X,HV 50,50,490.5,,294-481
360.298,-0.048293357165451425,360.385,360.211,Vickers,relative_percent,39,Vickers|SN=216-610|scale=HV 50|F=490.5N|mag=20X,20X,HV 50,50,490.5,,216-610
360.6465,-0.060169722983582134,360.755,360.538,Vickers,relative_percent,40,Vickers|SN=216-610|scale=HV 50|F=490.5N|mag=20X,20X,HV 50,50,490.5,,216-610
360.9525,-0.12162265117988606,361.172,360.73299999999995,Vickers,relative_percent,41,Vickers|SN=216-610|scale=HV 50|F=490.5N|mag=20X,20X,HV 50,50,490.5,,216-610
321.3145,-0.2772984101246482,321.76,320.869,Vickers,relative_percent,42,Vickers|SN=221-101|scale=HV 50|F=490.5N|mag=20X,20X,HV 50,50,490.5,,221-101
321.69425,-0.1577584927302668,321.948,321.44050000000004,Vickers,relative_percent,43,Vickers|SN=221-101|scale=HV 50|F=490.5N|mag=20X,20X,HV 50,50,490.5,,221-101
321.57,-0.08209721056068975,321.702,321.438,Vickers,relative_percent,44,Vickers|SN=221-101|scale=HV 50|F=490.5N|mag=20X,20X,HV 50,50,490.5,,221-101
1069.108,0.030773317569429682,1068.9434999999999,1069.2725,Vickers,relative_percent,45,Vickers|SN=293-250|scale=HV 100|F=981N|mag=20X,20X,HV 100,100,981.0,,293-250
1072.5722500000002,0.023634771457123834,1072.4455,1072.699,Vickers,relative_percent,46,Vickers|SN=293-250|scale=HV 100|F=981N|mag=20X,20X,HV 100,100,981.0,,293-250
1066.46,0.026348855090669043,1066.3195,1066.6005,Vickers,relative_percent,47,Vickers|SN=293-250|scale=HV 100|F=981N|mag=20X,20X,HV 100,100,981.0,,293-250
781.8565,0.01790609913713067,781.7864999999999,781.9265,Vickers,relative_percent,48,Vickers|SN=294-367|scale=HV 100|F=981N|mag=20X,20X,HV 100,100,981.0,,294-367
781.5282500000001,0.05393279129705641,781.3175,781.739,Vickers,relative_percent,49,Vickers|SN=294-367|scale=HV 100|F=981N|mag=20X,20X,HV 100,100,981.0,,294-367
781.3924999999999,0.01343754899106636,781.3399999999999,781.4449999999999,Vickers,relative_percent,50,Vickers|SN=294-367|scale=HV 100|F=981N|mag=20X,20X,HV 100,100,981.0,,294-367
605.8285,-0.03334276944712872,605.9295,605.7275,Vickers,relative_percent,51,Vickers|SN=294-481|scale=HV 100|F=981N|mag=20X,20X,HV 100,100,981.0,,294-481
606.3255,0.013029305216414431,606.2860000000001,606.365,Vickers,relative_percent,52,Vickers|SN=294-481|scale=HV 100|F=981N|mag=20X,20X,HV 100,100,981.0,,294-481
604.73075,-0.06242447568607036,604.9195,604.542,Vickers,relative_percent,53,Vickers|SN=294-481|scale=HV 100|F=981N|mag=20X,20X,HV 100,100,981.0,,294-481
511.3195,-0.010756483959627978,511.347,511.29200000000003,Vickers,relative_percent,54,Vickers|SN=216-610|scale=HV 100|F=981N|mag=20X,20X,HV 100,100,981.0,,216-610
510.74625000000003,-0.04062682790133822,510.85,510.6425,Vickers,relative_percent,55,Vickers|SN=216-610|scale=HV 100|F=981N|mag=20X,20X,HV 100,100,981.0,,216-610
511.41675,-0.032947688944485014,511.501,511.3325,Vickers,relative_percent,56,Vickers|SN=216-610|scale=HV 100|F=981N|mag=20X,20X,HV 100,100,981.0,,216-610
456.064,0.008989966320528184,456.0435,456.08450000000005,Vickers,relative_percent,57,Vickers|SN=221-101|scale=HV 100|F=981N|mag=20X,20X,HV 100,100,981.0,,221-101
455.83425,-0.03718456873303638,455.919,455.7495,Vickers,relative_percent,58,Vickers|SN=221-101|scale=HV 100|F=981N|mag=20X,20X,HV 100,100,981.0,,221-101
456.0795,-0.07038246621477755,456.24,455.919,Vickers,relative_percent,59,Vickers|SN=221-101|scale=HV 100|F=981N|mag=20X,20X,HV 100,100,981.0,,221-101
5.215703783025242,0.0023677454766719563,183.9235,184.3595,Vickers,log_ratio,0,Vickers|SN=293-250|scale=HV 3|F=29.43N|mag=20X,20X,HV 3,3,29.43,,293-250
5.219996933939596,-0.0023981572457882905,185.15550000000002,184.712,Vickers,log_ratio,1,Vickers|SN=293-250|scale=HV 3|F=29.43N|mag=20X,20X,HV 3,3,29.43,,293-250
5.21850675011601,0.0007446188098994,184.5895,184.727,Vickers,log_ratio,2,Vickers|SN=293-250|scale=HV 3|F=29.43N|mag=20X,20X,HV 3,3,29.43,,293-250
4.908251768892892,0.0006646849453559867,135.35750000000002,135.4475,Vickers,log_ratio,3,Vickers|SN=294-367|scale=HV 3|F=29.43N|mag=20X,20X,HV 3,3,29.43,,294-367
4.903712447521983,-3.709494636794375e-06,134.78949999999998,134.789,Vickers,log_ratio,4,Vickers|SN=294-367|scale=HV 3|F=29.43N|mag=20X,20X,HV 3,3,29.43,,294-367
4.905552517581409,-2.2216051097423417e-05,135.039,135.036,Vickers,log_ratio,5,Vickers|SN=294-367|scale=HV 3|F=29.43N|mag=20X,20X,HV 3,3,29.43,,294-367
4.643804979744232,0.003593449076390698,103.7525,104.126,Vickers,log_ratio,6,Vickers|SN=294-481|scale=HV 3|F=29.43N|mag=20X,20X,HV 3,3,29.43,,294-481
4.64376720513596,0.0026891758901577134,103.7955,104.075,Vickers,log_ratio,7,Vickers|SN=294-481|scale=HV 3|F=29.43N|mag=20X,20X,HV 3,3,29.43,,294-481
4.647051261361008,0.003955805680659452,104.071,104.48349999999999,Vickers,log_ratio,8,Vickers|SN=294-481|scale=HV 3|F=29.43N|mag=20X,20X,HV 3,3,29.43,,294-481
4.464678650396644,-0.006053405677241663,87.1565,86.6305,Vickers,log_ratio,9,Vickers|SN=216-610|scale=HV 3|F=29.43N|mag=50X,50X,HV 3,3,29.43,,216-610
4.477141567490397,0.004046241725158772,87.805,88.161,Vickers,log_ratio,10,Vickers|SN=216-610|scale=HV 3|F=29.43N|mag=50X,50X,HV 3,3,29.43,,216-610
4.4678527841140365,-0.0077205844095411535,87.5065,86.8335,Vickers,log_ratio,11,Vickers|SN=216-610|scale=HV 3|F=29.43N|mag=50X,50X,HV 3,3,29.43,,216-610
4.3582929623981155,-0.003027250747845933,78.242,78.0055,Vickers,log_ratio,12,Vickers|SN=221-101|scale=HV 3|F=29.43N|mag=50X,50X,HV 3,3,29.43,,221-101
4.354890999567959,-0.008245721593699074,78.18,77.538,Vickers,log_ratio,13,Vickers|SN=221-101|scale=HV 3|F=29.43N|mag=50X,50X,HV 3,3,29.43,,221-101
4.359785826816232,0.003565931910505249,78.101,78.38,Vickers,log_ratio,14,Vickers|SN=221-101|scale=HV 3|F=29.43N|mag=50X,50X,HV 3,3,29.43,,221-101
6.169769957829759,-0.0014987151821781453,478.43449999999996,477.718,Vickers,log_ratio,15,Vickers|SN=293-250|scale=HV 20|F=196.2N|mag=20X,20X,HV 20,20,196.2,,293-250
6.177441144206491,0.0014146116251314567,481.41700000000003,482.0985,Vickers,log_ratio,16,Vickers|SN=293-250|scale=HV 20|F=196.2N|mag=20X,20X,HV 20,20,196.2,,293-250
6.169769175117709,0.0003754635162076525,477.986,478.16549999999995,Vickers,log_ratio,17,Vickers|SN=293-250|scale=HV 20|F=196.2N|mag=20X,20X,HV 20,20,196.2,,293-250
5.85654759571202,0.0015850516385924607,349.2385,349.7925,Vickers,log_ratio,18,Vickers|SN=294-367|scale=HV 20|F=196.2N|mag=20X,20X,HV 20,20,196.2,,294-367
5.856633023191957,7.867364815883349e-05,349.5315,349.55899999999997,Vickers,log_ratio,19,Vickers|SN=294-367|scale=HV 20|F=196.2N|mag=20X,20X,HV 20,20,196.2,,294-367
5.854917115159081,0.0007336379023747952,348.818,349.07399999999996,Vickers,log_ratio,20,Vickers|SN=294-367|scale=HV 20|F=196.2N|mag=20X,20X,HV 20,20,196.2,,294-367
5.598108020423847,-5.742543262776678e-05,269.923,269.9075,Vickers,log_ratio,21,Vickers|SN=294-481|scale=HV 20|F=196.2N|mag=20X,20X,HV 20,20,196.2,,294-481
5.59748810131749,-0.0008415262148231406,269.8615,269.6345,Vickers,log_ratio,22,Vickers|SN=294-481|scale=HV 20|F=196.2N|mag=20X,20X,HV 20,20,196.2,,294-481
5.599745014426263,-0.0010689550965627959,270.50199999999995,270.21299999999997,Vickers,log_ratio,23,Vickers|SN=294-481|scale=HV 20|F=196.2N|mag=20X,20X,HV 20,20,196.2,,294-481
5.428117901906665,-1.097838246710836e-05,227.7215,227.719,Vickers,log_ratio,24,Vickers|SN=216-610|scale=HV 20|F=196.2N|mag=20X,20X,HV 20,20,196.2,,216-610
5.426337872970817,-0.0028946572470882614,227.6445,226.9865,Vickers,log_ratio,25,Vickers|SN=216-610|scale=HV 20|F=196.2N|mag=20X,20X,HV 20,20,196.2,,216-610
5.424507099594738,-0.0008417824247226591,226.995,226.804,Vickers,log_ratio,26,Vickers|SN=216-610|scale=HV 20|F=196.2N|mag=20X,20X,HV 20,20,196.2,,216-610
5.311845431372019,0.00036502831841200845,202.687,202.761,Vickers,log_ratio,27,Vickers|SN=221-101|scale=HV 20|F=196.2N|mag=20X,20X,HV 20,20,196.2,,221-101
5.312849806203447,-0.0012590689728373405,203.0555,202.8,Vickers,log_ratio,28,Vickers|SN=221-101|scale=HV 20|F=196.2N|mag=20X,20X,HV 20,20,196.2,,221-101
5.310391867057491,-0.0028923634405497722,202.7225,202.137,Vickers,log_ratio,29,Vickers|SN=221-101|scale=HV 20|F=196.2N|mag=20X,20X,HV 20,20,196.2,,221-101
6.629059628528674,0.0007908609398885602,756.471,757.0695000000001,Vickers,log_ratio,30,Vickers|SN=293-250|scale=HV 50|F=490.5N|mag=20X,20X,HV 50,50,490.5,,293-250
6.632107796970013,0.0005322228795714423,758.8785,759.2825,Vickers,log_ratio,31,Vickers|SN=293-250|scale=HV 50|F=490.5N|mag=20X,20X,HV 50,50,490.5,,293-250
6.624732993842547,0.00021234155749993988,753.423,753.583,Vickers,log_ratio,32,Vickers|SN=293-250|scale=HV 50|F=490.5N|mag=20X,20X,HV 50,50,490.5,,293-250
6.313088158815594,0.0008473098421051262,551.5125,551.98,Vickers,log_ratio,33,Vickers|SN=294-367|scale=HV 50|F=490.5N|mag=20X,20X,HV 50,50,490.5,,294-367
6.313711511461857,-0.0003776556504622164,552.1945000000001,551.9860000000001,Vickers,log_ratio,34,Vickers|SN=294-367|scale=HV 50|F=490.5N|mag=20X,20X,HV 50,50,490.5,,294-367
6.312283652144918,-0.00025575795641952226,551.373,551.232,Vickers,log_ratio,35,Vickers|SN=294-367|scale=HV 50|F=490.5N|mag=20X,20X,HV 50,50,490.5,,294-367
6.055407752731483,0.00041157306501116153,426.32500000000005,426.5005,Vickers,log_ratio,36,Vickers|SN=294-481|scale=HV 50|F=490.5N|mag=20X,20X,HV 50,50,490.5,,294-481
6.056688990214116,0.001168729251368461,426.71000000000004,427.209,Vickers,log_ratio,37,Vickers|SN=294-481|scale=HV 50|F=490.5N|mag=20X,20X,HV 50,50,490.5,,294-481
6.055978636415738,0.0003738372562391845,426.5765,426.736,Vickers,log_ratio,38,Vickers|SN=294-481|scale=HV 50|F=490.5N|mag=20X,20X,HV 50,50,490.5,,294-481
5.886931437655756,-0.00048293358104078976,360.385,360.211,Vickers,log_ratio,39,Vickers|SN=216-610|scale=HV 50|F=490.5N|mag=20X,20X,HV 50,50,490.5,,216-610
5.887898208947797,-0.0006016972479887528,360.755,360.538,Vickers,log_ratio,40,Vickers|SN=216-610|scale=HV 50|F=490.5N|mag=20X,20X,HV 50,50,490.5,,216-610
5.888746185827343,-0.0012162266617199435,361.172,360.73299999999995,Vickers,log_ratio,41,Vickers|SN=216-610|scale=HV 50|F=490.5N|mag=20X,20X,HV 50,50,490.5,,216-610
5.772419433085272,-0.002772985878140233,321.76,320.869,Vickers,log_ratio,42,Vickers|SN=221-101|scale=HV 50|F=490.5N|mag=20X,20X,HV 50,50,490.5,,221-101
5.773601249192909,-0.0015775852544903657,321.948,321.44050000000004,Vickers,log_ratio,43,Vickers|SN=221-101|scale=HV 50|F=490.5N|mag=20X,20X,HV 50,50,490.5,,221-101
5.7732151651221315,-0.0008209721517173918,321.702,321.438,Vickers,log_ratio,44,Vickers|SN=221-101|scale=HV 50|F=490.5N|mag=20X,20X,HV 50,50,490.5,,221-101
6.97457992308356,0.00030773317812293755,1068.9434999999999,1069.2725,Vickers,log_ratio,45,Vickers|SN=293-250|scale=HV 100|F=981N|mag=20X,20X,HV 100,100,981.0,,293-250
6.977815007518023,0.00023634771567149215,1072.4455,1072.699,Vickers,log_ratio,46,Vickers|SN=293-250|scale=HV 100|F=981N|mag=20X,20X,HV 100,100,981.0,,293-250
6.972100022669475,0.0002634885524308572,1066.3195,1066.6005,Vickers,log_ratio,47,Vickers|SN=293-250|scale=HV 100|F=981N|mag=20X,20X,HV 100,100,981.0,,293-250
6.66167121586225,0.000179060991849056,781.7864999999999,781.9265,Vickers,log_ratio,48,Vickers|SN=294-367|scale=HV 100|F=981N|mag=20X,20X,HV 100,100,981.0,,294-367
6.661251261281368,0.000539327926043498,781.3175,781.739,Vickers,log_ratio,49,Vickers|SN=294-367|scale=HV 100|F=981N|mag=20X,20X,HV 100,100,981.0,,294-367
6.661077582160657,0.0001343754901128591,781.3399999999999,781.4449999999999,Vickers,log_ratio,50,Vickers|SN=294-367|scale=HV 100|F=981N|mag=20X,20X,HV 100,100,981.0,,294-367
6.40659692881924,-0.0003334276975603956,605.9295,605.7275,Vickers,log_ratio,51,Vickers|SN=294-481|scale=HV 100|F=981N|mag=20X,20X,HV 100,100,981.0,,294-481
6.407416968458158,0.00013029305234812938,606.2860000000001,606.365,Vickers,log_ratio,52,Vickers|SN=294-481|scale=HV 100|F=981N|mag=20X,20X,HV 100,100,981.0,,294-481
6.404783268938054,-0.0006242447771320769,604.9195,604.542,Vickers,log_ratio,53,Vickers|SN=294-481|scale=HV 100|F=981N|mag=20X,20X,HV 100,100,981.0,,294-481
6.236994637991847,-0.00010756483969931452,511.347,511.29200000000003,Vickers,log_ratio,54,Vickers|SN=216-610|scale=HV 100|F=981N|mag=20X,20X,HV 100,100,981.0,,216-610
6.235872870895132,-0.00040626828460155195,510.85,510.6425,Vickers,log_ratio,55,Vickers|SN=216-610|scale=HV 100|F=981N|mag=20X,20X,HV 100,100,981.0,,216-610
6.2371848019777705,-0.00032947689242490696,511.501,511.3325,Vickers,log_ratio,56,Vickers|SN=216-610|scale=HV 100|F=981N|mag=20X,20X,HV 100,100,981.0,,216-610
6.122633149533073,8.9899663265669e-05,456.0435,456.08450000000005,Vickers,log_ratio,57,Vickers|SN=221-101|scale=HV 100|F=981N|mag=20X,20X,HV 100,100,981.0,,221-101
6.122129239311274,-0.00037184569161485825,455.919,455.7495,Vickers,log_ratio,58,Vickers|SN=221-101|scale=HV 100|F=981N|mag=20X,20X,HV 100,100,981.0,,221-101
6.122667074502682,-0.0007038246912021151,456.24,455.919,Vickers,log_ratio,59,Vickers|SN=221-101|scale=HV 100|F=981N|mag=20X,20X,HV 100,100,981.0,,221-101
