method,original_sheet,excel_row,serial_number,hardness_scale_raw,position,applied_force_n,magnification_raw,manual_d_um,manual_hardness,automatic_d_um,automatic_hardness,delta_um,delta_percent,magnification,hardness_scale,hardness_level,ball_diameter_mm,series_id,record_id
Knoop,Knoop,3,711-081,HK 0.05,1.0,0.4905,50x,79.238,,,,,,50X,HK 0.05,0.05,,Knoop|SN=711-081|scale=HK 0.05|F=0.4905N|mag=50X,Knoop|711-081|HK 0.05|1|row3
Knoop,Knoop,4,711-081,HK 0.05,2.0,0.4905,50x,81.54,,,,,,50X,HK 0.05,0.05,,Knoop|SN=711-081|scale=HK 0.05|F=0.4905N|mag=50X,Knoop|711-081|HK 0.05|2|row4
Knoop,Knoop,5,711-081,HK 0.05,3.0,0.4905,50x,81.6,,,,,,50X,HK 0.05,0.05,,Knoop|SN=711-081|scale=HK 0.05|F=0.4905N|mag=50X,Knoop|711-081|HK 0.05|3|row5
Knoop,Knoop,6,711-246,HK 0.05,1.0,0.4905,50x,36.686,,,,,,50X,HK 0.05,0.05,,Knoop|SN=711-246|scale=HK 0.05|F=0.4905N|mag=50X,Knoop|711-246|HK 0.05|1|row6
Knoop,Knoop,7,711-246,HK 0.05,2.0,0.4905,50x,36.54,,,,,,50X,HK 0.05,0.05,,Knoop|SN=711-246|scale=HK 0.05|F=0.4905N|mag=50X,Knoop|711-246|HK 0.05|2|row7
Knoop,Knoop,8,711-246,HK 0.05,3.0,0.4905,50x,36.103,,,,,,50X,HK 0.05,0.05,,Knoop|SN=711-246|scale=HK 0.05|F=0.4905N|mag=50X,Knoop|711-246|HK 0.05|3|row8
Knoop,Knoop,9,709-293,HK 0.05,1.0,0.4905,50x,28.275,,,,,,50X,HK 0.05,0.05,,Knoop|SN=709-293|scale=HK 0.05|F=0.4905N|mag=50X,Knoop|709-293|HK 0.05|1|row9
Knoop,Knoop,10,709-293,HK 0.05,2.0,0.4905,50x,28.515,,,,,,50X,HK 0.05,0.05,,Knoop|SN=709-293|scale=HK 0.05|F=0.4905N|mag=50X,Knoop|709-293|HK 0.05|2|row10
Knoop,Knoop,11,709-293,HK 0.05,3.0,0.4905,50x,28.493,,,,,,50X,HK 0.05,0.05,,Knoop|SN=709-293|scale=HK 0.05|F=0.4905N|mag=50X,Knoop|709-293|HK 0.05|3|row11
Knoop,Knoop,12,711-081,HK 1,1.0,9.81,10x,372.77,,,,,,10X,HK 1,1,,Knoop|SN=711-081|scale=HK 1|F=9.81N|mag=10X,Knoop|711-081|HK 1|1|row12
Knoop,Knoop,13,711-081,HK 1,2.0,9.81,10x,372.321,,,,,,10X,HK 1,1,,Knoop|SN=711-081|scale=HK 1|F=9.81N|mag=10X,Knoop|711-081|HK 1|2|row13
Knoop,Knoop,14,711-081,HK 1,3.0,9.81,10x,370.76,,,,,,10X,HK 1,1,,Knoop|SN=711-081|scale=HK 1|F=9.81N|mag=10X,Knoop|711-081|HK 1|3|row14
Knoop,Knoop,15,711-081,HK 1,1.0,9.81,20x,372.629,,,,,,20X,HK 1,1,,Knoop|SN=711-081|scale=HK 1|F=9.81N|mag=20X,Knoop|711-081|HK 1|1|row15
Knoop,Knoop,16,711-081,HK 1,2.0,9.81,20x,372.141,,,,,,20X,HK 1,1,,Knoop|SN=711-081|scale=HK 1|F=9.81N|mag=20X,Knoop|711-081|HK 1|2|row16
Knoop,Knoop,17,711-081,HK 1,3.0,9.81,20x,370.888,,,,,,20X,HK 1,1,,Knoop|SN=711-081|scale=HK 1|F=9.81N|mag=20X,Knoop|711-081|HK 1|3|row17
Knoop,Knoop,18,711-246,HK 1,1.0,9.81,20x,168.648,,,,,,20X,HK 1,1,,Knoop|SN=711-246|scale=HK 1|F=9.81N|mag=20X,Knoop|711-246|HK 1|1|row18
Knoop,Knoop,19,711-246,HK 1,2.0,9.81,20x,168.246,,,,,,20X,HK 1,1,,Knoop|SN=711-246|scale=HK 1|F=9.81N|mag=20X,Knoop|711-246|HK 1|2|row19
Knoop,Knoop,20,711-246,HK 1,3.0,9.81,20x,168.975,,,,,,20X,HK 1,1,,Knoop|SN=711-246|scale=HK 1|F=9.81N|mag=20X,Knoop|711-246|HK 1|3|row20
Knoop,Knoop,21,709-293,HK 1,1.0,9.81,20x,130.027,,,,,,20X,HK 1,1,,Knoop|SN=709-293|scale=HK 1|F=9.81N|mag=20X,Knoop|709-293|HK 1|1|row21
Knoop,Knoop,22,709-293,HK 1,2.0,9.81,20x,130.271,,,,,,20X,HK 1,1,,Knoop|SN=709-293|scale=HK 1|F=9.81N|mag=20X,Knoop|709-293|HK 1|2|row22
Knoop,Knoop,23,709-293,HK 1,3.0,9.81,20x,130.674,,,,,,20X,HK 1,1,,Knoop|SN=709-293|scale=HK 1|F=9.81N|mag=20X,Knoop|709-293|HK 1|3|row23
Knoop,Knoop,24,711-081,HK 2,1.0,19.62,10x,530.591,,,,,,10X,HK 2,2,,Knoop|SN=711-081|scale=HK 2|F=19.62N|mag=10X,Knoop|711-081|HK 2|1|row24
Knoop,Knoop,25,711-081,HK 2,2.0,19.62,10x,533.922,,,,,,10X,HK 2,2,,Knoop|SN=711-081|scale=HK 2|F=19.62N|mag=10X,Knoop|711-081|HK 2|2|row25
Knoop,Knoop,26,711-081,HK 2,3.0,19.62,10x,531.51,,,,,,10X,HK 2,2,,Knoop|SN=711-081|scale=HK 2|F=19.62N|mag=10X,Knoop|711-081|HK 2|3|row26
Knoop,Knoop,27,711-081,HK 2,1.0,19.62,20x,529.435,,,,,,20X,HK 2,2,,Knoop|SN=711-081|scale=HK 2|F=19.62N|mag=20X,Knoop|711-081|HK 2|1|row27
Knoop,Knoop,28,711-081,HK 2,2.0,19.62,20x,532.945,,,,,,20X,HK 2,2,,Knoop|SN=711-081|scale=HK 2|F=19.62N|mag=20X,Knoop|711-081|HK 2|2|row28
Knoop,Knoop,29,711-081,HK 2,3.0,19.62,20x,530.498,,,,,,20X,HK 2,2,,Knoop|SN=711-081|scale=HK 2|F=19.62N|mag=20X,Knoop|711-081|HK 2|3|row29
Knoop,Knoop,30,711-246,HK 2,1.0,19.62,20x,238.966,,,,,,20X,HK 2,2,,Knoop|SN=711-246|scale=HK 2|F=19.62N|mag=20X,Knoop|711-246|HK 2|1|row30
Knoop,Knoop,31,711-246,HK 2,2.0,19.62,20x,238.601,,,,,,20X,HK 2,2,,Knoop|SN=711-246|scale=HK 2|F=19.62N|mag=20X,Knoop|711-246|HK 2|2|row31
Knoop,Knoop,32,711-246,HK 2,3.0,19.62,20x,238.283,,,,,,20X,HK 2,2,,Knoop|SN=711-246|scale=HK 2|F=19.62N|mag=20X,Knoop|711-246|HK 2|3|row32
Knoop,Knoop,33,709-293,HK 2,1.0,19.62,20x,185.244,,,,,,20X,HK 2,2,,Knoop|SN=709-293|scale=HK 2|F=19.62N|mag=20X,Knoop|709-293|HK 2|1|row33
Knoop,Knoop,34,709-293,HK 2,2.0,19.62,20x,185.156,,,,,,20X,HK 2,2,,Knoop|SN=709-293|scale=HK 2|F=19.62N|mag=20X,Knoop|709-293|HK 2|2|row34
Knoop,Knoop,35,709-293,HK 2,3.0,19.62,20x,186.143,,,,,,20X,HK 2,2,,Knoop|SN=709-293|scale=HK 2|F=19.62N|mag=20X,Knoop|709-293|HK 2|3|row35
