series_id,method,serial_number,hardness_scale_raw,hardness_scale,hardness_level,applied_force_n,ball_diameter_mm,magnification,n_positions,excel_rows,picture_ids,manual_dimension_mean_from_individual_um,manual_dimension_sd_from_individual_um,manual_hardness_mean_from_individual,manual_hardness_sd_from_individual,manual_series_mean_dimension_um,manual_series_mean_hardness,manual_expanded_uncertainty,manual_relative_expanded_uncertainty,automatic_dimension_mean_from_individual_um,automatic_dimension_sd_from_individual_um,automatic_hardness_mean_from_individual,automatic_hardness_sd_from_individual,automatic_series_mean_dimension_um,automatic_series_mean_hardness,automatic_expanded_uncertainty,automatic_relative_expanded_uncertainty,manual_standard_uncertainty,automatic_standard_uncertainty,en_numerator,en_denominator,en,abs_en,en_classification
Brinell|SN=290-736|scale=HBW 1/30|F=294.3N|ball=1mm|mag=20X,Brinell,290-736,HBW 1/30,HBW 1/30,1,294.3,1.0,20X,3,"18,19,20",,254.9415,0.35074599071122775,578.167,1.6160284650958223,254.9415,578.167,11.642295291256746,2.013656139360556,255.40533333333335,0.971739719952479,576.049,4.445209893807049,255.40533333333335,576.049,14.058565511297529,2.440515565741374,5.821147645628373,7.029282755648764,-2.118000000000052,18.253391572095946,-0.11603323095516394,0.11603323095516394,satisfactory screening result
Brinell|SN=290-736|scale=HBW 1/5|F=49.05N|ball=1mm|mag=20X,Brinell,290-736,HBW 1/5,HBW 1/5,1,49.05,1.0,20X,3,"9,10,11",600_HBW_1_5_1_20X,116.99216666666666,1.9328975873887742,463.921,15.163460983561768,116.99216666666666,463.921,19.677498808151952,4.241562422945276,117.92666666666666,1.8837035550567203,456.55733333333336,14.505207352303977,117.92666666666666,456.55733333333336,19.07498307631822,4.17800387457396,9.838749404075976,9.53749153815911,-7.3636666666666315,27.405454542967316,-0.26869346958364054,0.26869346958364054,satisfactory screening result
Brinell|SN=293-250|scale=HBW 1/30|F=294.3N|ball=1mm|mag=20X,Brinell,293-250,HBW 1/30,HBW 1/30,1,294.3,1.0,20X,3,"12,13,14",,464.74,0.40472614197752554,166.77533333333335,0.3093870283856983,464.74,166.77533333333335,2.7302658352933666,1.6370921171156605,466.62000000000006,0.9328043739177178,165.34866666666665,0.7032740101363968,466.62000000000006,165.34866666666665,3.4345943386569098,2.077182966089986,1.3651329176466833,1.7172971693284549,-1.426666666666705,4.387572199121546,-0.3251608411030464,0.3251608411030464,satisfactory screening result
Brinell|SN=293-250|scale=HBW 1/5|F=49.05N|ball=1mm|mag=20X,Brinell,293-250,HBW 1/5,HBW 1/5,1,49.05,1.0,20X,3,"3,4,5",100_HBW_1_5_1_20X,210.4625,1.1730256817308,142.16833333333332,1.609663732999328,210.4625,142.16833333333332,3.9648853905631243,2.7888667592852077,211.88283333333334,0.7057716226466832,140.24099999999999,0.9475383897236066,211.88283333333334,140.24099999999999,3.34986203153742,2.388646709262926,1.9824426952815621,1.67493101576871,-1.927333333333337,5.190557945985856,-0.3713152523080587,0.3713152523080587,satisfactory screening result
Brinell|SN=294-367|scale=HBW 1/30|F=294.3N|ball=1mm|mag=20X,Brinell,294-367,HBW 1/30,HBW 1/30,1,294.3,1.0,20X,3,"15,16,17",,350.66450000000003,1.1463851883202432,300.87166666666667,2.030580294726945,350.66450000000003,300.87166666666667,7.3021997235090135,2.4270147483176148,351.11016666666666,1.2352984794507564,300.084,2.1780994008538856,351.11016666666666,300.084,7.579389596440279,2.525755987137028,3.6510998617545067,3.7896947982201397,-0.7876666666666665,10.524697974604415,-0.07483983564823123,0.07483983564823123,satisfactory screening result
Brinell|SN=294-367|scale=HBW 1/5|F=49.05N|ball=1mm|mag=20X,Brinell,294-367,HBW 1/5,HBW 1/5,1,49.05,1.0,20X,3,"6,7,8",300_HBW_1_5_1_20X,154.5825,0.1855943156457201,264.8983333333333,0.6401424320675329,154.5825,264.8983333333333,6.803108965253398,2.568196213108198,155.18566666666666,0.38871336912091853,262.832,1.3271363908807494,155.18566666666666,262.832,6.871872918908403,2.6145495673694237,3.401554482626699,3.4359364594542017,-2.0663333333333185,9.66979467241874,-0.21368947359628465,0.21368947359628465,satisfactory screening result
Brinell|SN=810-202|scale=HBW 10/3000|F=29430N|ball=10mm|mag=20X,Brinell,810-202,HBW 10/3000,HBW 10/3000,10,29430.0,10.0,20X,3,"33,34,35",,3804.916833333333,3.0005670019737165,253.99800000000002,0.4174254424445233,3804.916833333333,253.99800000000002,11.926236783711307,4.695405784183854,3823.7331666666664,15.64607171411823,251.41100000000003,2.13856400418599,3823.7331666666664,251.41100000000003,60.015539848915544,23.871485276664718,5.963118391855653,30.007769924457772,-2.586999999999989,61.18905251086928,-0.04227880468553503,0.04227880468553503,satisfactory screening result
Brinell|SN=810-202|scale=HBW 10/500|F=4905N|ball=10mm|mag=20X,Brinell,810-202,HBW 10/500,HBW 10/500,10,4905.0,10.0,20X,3,"24,25,26",,1686.2058333333334,1.1722131134454876,222.36933333333332,0.3113347608818156,1686.2058333333334,222.36933333333332,4.715693898477116,2.120658378468156,1710.5186666666668,10.571080885289499,216.06366666666668,2.697954101413384,1710.5186666666668,216.06366666666668,34.90031392758344,16.15279165905579,2.357846949238558,17.45015696379172,-6.305666666666639,35.21746273069667,-0.17904943109857877,0.17904943109857877,satisfactory screening result
Brinell|SN=812-006|scale=HBW 10/3000|F=29430N|ball=10mm|mag=20X,Brinell,812-006,HBW 10/3000,HBW 10/3000,10,29430.0,10.0,20X,3,"30,31,32",,4840.787333333334,9.340456979362795,152.86766666666665,0.6313654514885508,4840.787333333334,152.86766666666665,21.82247883422602,14.275405198543853,4861.090999999999,16.80251923819716,151.50533333333334,1.12003854100354,4861.090999999999,151.50533333333334,38.83379946085795,25.63196859573125,10.91123941711301,19.416899730428977,-1.3623333333333107,44.54530910248995,-0.030583093052488446,0.030583093052488446,satisfactory screening result
Brinell|SN=812-006|scale=HBW 10/500|F=4905N|ball=10mm|mag=20X,Brinell,812-006,HBW 10/500,HBW 10/500,10,4905.0,10.0,20X,3,"21,22,23",,2203.133666666667,4.494990804588354,129.58966666666666,0.5346347662968891,2203.133666666667,129.58966666666666,8.994107355701107,6.940451030587141,2234.308,5.537475485272808,125.95400000000001,0.6338035973391166,2234.308,125.95400000000001,10.7219429859514,8.512586329891388,4.497053677850554,5.3609714929757,-3.6356666666666513,13.994785761842488,-0.2597872327977671,0.2597872327977671,satisfactory screening result
Brinell|SN=8301-50DW|scale=HBW 10/3000|F=29430N|ball=10mm|mag=20X,Brinell,8301-50DW,HBW 10/3000,HBW 10/3000,10,29430.0,10.0,20X,3,"36,37,38",,2649.166333333333,6.418227682415943,534.7196666666666,2.6333196413146553,2649.166333333333,534.7196666666666,52.634039572449204,9.843296002288279,2655.991833333333,7.5571527431523995,531.9259999999999,3.0861006140435494,2655.991833333333,531.9259999999999,61.54458207952355,11.570139846430436,26.317019786224602,30.772291039761775,-2.793666666666695,80.98195913323757,-0.03449739542692893,0.03449739542692893,satisfactory screening result
Brinell|SN=8301-50DW|scale=HBW 10/500|F=4905N|ball=10mm|mag=10X,Brinell,8301-50DW,HBW 10/500,HBW 10/500,10,4905.0,10.0,10X,3,"27,28,29",,1204.3738333333333,1.33009833596361,437.43266666666665,0.9707740897517563,1204.3738333333333,437.43266666666665,10.303720231250193,2.3554985753045865,1239.9103333333335,21.39485866588835,412.87000000000006,14.112293612308395,1239.9103333333335,412.87000000000006,134.7276550532463,32.63197981283365,5.151860115625096,67.36382752662315,-24.562666666666587,135.12108527816966,-0.1817826330812854,0.1817826330812854,satisfactory screening result
Micro-Vickers|SN=706-437|scale=HV 0.5|F=4.905N|mag=50X,Micro-Vickers,706-437,"HV 0,5",HV 0.5,0.5,4.905,,50X,3,"15,16,17",706-437_307_HMV_0.5_1_50X,53.95683333333333,0.19602061966367854,318.5756666666667,2.2664380276842713,53.95683333333333,318.5756666666667,4.469145372714786,1.4028520820427128,54.00133333333334,0.2255157052919696,317.8966666666667,2.6460849066749956,54.00133333333334,317.8966666666667,4.491286639951948,1.4128133795946107,2.234572686357393,2.245643319975974,-0.6789999999999736,6.3360015818076345,-0.10716537728613663,0.10716537728613663,satisfactory screening result
Micro-Vickers|SN=706-437|scale=HV 1|F=9.81N|mag=50X,Micro-Vickers,706-437,HV 1,HV 1,1,9.81,,50X,3,"30,31,32",706-437_307_HMV_1_1_50X; 706-437_307_HMV_1_2_50X,76.676,1.031269727084048,315.334,8.286492442523539,76.676,315.334,6.354175917809066,2.015062098539665,76.3145,1.1524466365086135,318.487,9.592339495660074,76.3145,318.487,6.8887114116448265,2.162949009424192,3.177087958904533,3.4443557058224132,3.15300000000002,9.371760587391803,0.336436251288992,0.336436251288992,satisfactory screening result
Micro-Vickers|SN=706-437|scale=HV 2|F=19.62N|mag=20X,Micro-Vickers,706-437,HV 2,HV 2,2,19.62,,20X,3,"45,46,47",706-437_307_HMV_2_1_50X,108.05383333333333,0.47771234371045374,317.59700000000004,2.8032830752530247,108.05383333333333,317.59700000000004,4.417476962911064,1.3909063885713857,108.08016666666667,0.4751016557888797,317.443,2.783143726076678,108.08016666666667,317.443,4.408613292145885,1.388788945462929,2.208738481455532,2.2043066460729426,-0.1540000000000532,6.2409914178386225,-0.02467556669920665,0.02467556669920665,satisfactory screening result
Micro-Vickers|SN=709-293|scale=HV 0.5|F=4.905N|mag=50X,Micro-Vickers,709-293,"HV 0,5",HV 0.5,0.5,4.905,,50X,3,"24,25,26",709-293_904_HMV_0.5_1_50X,30.72733333333333,0.10140307358918339,981.8373333333334,6.496384327711304,30.72733333333333,981.8373333333334,16.279899392104884,1.6581055577541237,30.750333333333334,0.2257013144253549,980.475,14.466122597296083,30.750333333333334,980.475,16.529554309333722,1.6858720833609957,8.139949696052442,8.264777154666861,-1.3623333333333676,23.200458829132454,-0.05872010305342353,0.05872010305342353,satisfactory screening result
Micro-Vickers|SN=709-293|scale=HV 1|F=9.81N|mag=50X,Micro-Vickers,709-293,HV 1,HV 1,1,9.81,,50X,3,"39,40,41",709-293_904_HMV_1_1_50X,45.110833333333325,0.10459724343085439,911.0723333333334,4.222866838219421,45.110833333333325,911.0723333333334,13.229961006095005,1.4521306950119588,44.38583333333333,0.2776735193231989,941.148,11.713683920953292,44.38583333333333,941.148,14.22145419743439,1.5110752185027638,6.614980503047502,7.110727098717195,30.07566666666662,19.423738767614193,1.5483974031205938,1.5483974031205938,result requiring investigation
Micro-Vickers|SN=709-293|scale=HV 2|F=19.62N|mag=50X,Micro-Vickers,709-293,HV 2,HV 2,2,19.62,,50X,3,"54,55,56",709-293_904_HMV_2_1_50X,63.25816666666666,0.39975940681031397,926.7043333333332,11.711011157595758,63.25816666666666,926.7043333333332,13.440582178867457,1.450363583660174,63.17466666666667,0.608508901605666,929.244,17.9370003345041,63.17466666666667,929.244,14.965247117476776,1.6104755174611594,6.720291089433728,7.482623558738388,2.5396666666667898,20.114866904705995,0.1262581889653279,0.1262581889653279,satisfactory screening result
Micro-Vickers|SN=710-106|scale=HV 0.5|F=4.905N|mag=50X,Micro-Vickers,710-106,"HV 0,5",HV 0.5,0.5,4.905,,50X,3,"21,22,23",710-106_708_HMV_0.5_1_50X,35.11633333333334,0.17919984188981528,751.7683333333333,7.70623451066302,35.11633333333334,751.7683333333333,11.976605747516862,1.5931245327151133,35.00333333333334,0.28565947093232164,756.6909999999999,12.301668667298756,35.00333333333334,756.6909999999999,12.338456320805955,1.6305805567670233,5.988302873758431,6.1692281604029775,4.922666666666601,17.195249041868813,0.2862806263916487,0.2862806263916487,satisfactory screening result
Micro-Vickers|SN=710-106|scale=HV 1|F=9.81N|mag=50X,Micro-Vickers,710-106,HV 1,HV 1,1,9.81,,50X,3,"36,37,38",710-106_708_HMV_1_1_50X,50.34966666666667,0.3119584641155506,731.3916666666668,9.057909931840463,50.34966666666667,731.3916666666668,10.794704109889008,1.4759129207864923,50.0255,0.29729446681699556,740.9113333333333,8.818569970994927,50.0255,740.9113333333333,10.90112702575511,1.4713133050227931,5.397352054944504,5.450563512877555,9.51966666666658,15.341453883244023,0.6205191984485894,0.6205191984485894,satisfactory screening result
Micro-Vickers|SN=710-106|scale=HV 2|F=19.62N|mag=50X,Micro-Vickers,710-106,HV 2,HV 2,2,19.62,,50X,3,"51,52,53",710-106_708_HMV_2_1_50X,70.80566666666667,0.07583589739254891,739.6133333333333,1.584238092375407,70.80566666666667,739.6133333333333,9.52371847420822,1.2876618153009978,70.5585,0.19165659393821435,744.817,4.048391161930888,70.5585,744.817,9.803860953444477,1.3162778176981027,4.76185923710411,4.901930476722239,5.203666666666663,13.668098008517799,0.3807162242635222,0.3807162242635222,satisfactory screening result
Micro-Vickers|SN=710-404|scale=HV 0.05|F=0.4905N|mag=50X,Micro-Vickers,710-404,"HV 0,5",HV 0.05,0.05,0.4905,,50X,3,"3,4,5",710-404_39.6_HMV_0.05_1_50X,43.33583333333333,1.0385035307274304,49.41866666666667,2.3995000173647294,43.33583333333333,49.41866666666667,1.0646900322102812,2.1544288909931764,43.47233333333333,1.0312149792033336,49.10733333333334,2.355131701908267,43.47233333333333,49.10733333333334,1.053496418336961,2.1452934762023887,0.5323450161051406,0.5267482091684805,-0.31133333333333013,1.4978049165818408,-0.20785973519423864,0.20785973519423864,satisfactory screening result
Micro-Vickers|SN=710-655|scale=HV 0.05|F=0.4905N|mag=50X,Micro-Vickers,710-655,"HV 0,5",HV 0.05,0.05,0.4905,,50X,3,"9,10,11",710-655_197_HMV_0.05_1_50X,20.849166666666665,0.09046316008924961,214.576,3.0204653614964676,20.849166666666665,214.576,4.214523247419043,1.9641167919147733,20.885666666666665,0.14536964378209621,212.53233333333333,2.96463460367941,20.885666666666665,212.53233333333333,4.187087061376156,1.9700941478909824,2.1072616237095216,2.093543530688078,-2.0436666666666667,5.940867298852851,-0.34400139977226685,0.34400139977226685,satisfactory screening result
Micro-Vickers|SN=711-081|scale=HV 0.05|F=0.4905N|mag=50X,Micro-Vickers,711-081,"HV 0,5",HV 0.05,0.05,0.4905,,50X,3,"6,7,8",711-081_102_HMV_0.05_1_50X,28.764166666666664,0.27596799331323374,112.06099999999999,2.132721500805953,28.764166666666664,112.06099999999999,1.9573838084939867,1.7467127800876192,28.83066666666667,0.29973168556783253,111.551,2.2989902131153115,28.83066666666667,111.551,1.9568708117116997,1.7542386995290942,0.9786919042469934,0.9784354058558499,-0.5099999999999909,2.767796009008545,-0.1842621343263944,0.1842621343263944,satisfactory screening result
Micro-Vickers|SN=711-081|scale=HV 0.5|F=4.905N|mag=50X,Micro-Vickers,711-081,"HV 0,5",HV 0.5,0.5,4.905,,50X,3,"12,13,14",711-081_102_HMV_0.5_1_50X,93.89833333333333,0.6848872778299605,105.15033333333334,1.5429621943953555,93.89833333333333,105.15033333333334,1.6827683472631627,1.60034523326586,94.04216666666666,0.6129588757276726,104.827,1.3730608143851444,94.04216666666666,104.827,1.604722754804343,1.5308296095513017,0.8413841736315814,0.8023613774021715,-0.3233333333333377,2.3252622282954745,-0.13905241714193933,0.13905241714193933,satisfactory screening result
Micro-Vickers|SN=711-081|scale=HV 1|F=9.81N|mag=20X,Micro-Vickers,711-081,HV 1,HV 1,1,9.81,,20X,3,"27,28,29",711-081_102_HMV_1_1_20X,133.86316666666667,0.384196022016535,103.47533333333332,0.5805259109922082,133.86316666666667,103.47533333333332,1.334813531007623,1.2899823445919059,133.99066666666667,0.4664347042548717,103.26933333333334,0.7210758166332722,133.99066666666667,103.26933333333334,1.395568231559687,1.3513868895183663,0.6674067655038115,0.6977841157798435,-0.20599999999998886,1.931149360225581,-0.10667222548541022,0.10667222548541022,satisfactory screening result
Micro-Vickers|SN=711-081|scale=HV 2|F=19.62N|mag=20X,Micro-Vickers,711-081,HV 2,HV 2,2,19.62,,20X,3,"42,43,44",711-081_102_HMV_2_1_20X,189.31566666666666,1.506458623173356,103.472,1.6567018440262578,189.31566666666666,103.472,2.6369649558323833,2.5484816721744856,189.65833333333333,1.455955900202105,103.097,1.5905379593081055,189.65833333333333,103.097,2.556049480368226,2.4792665939534864,1.3184824779161917,1.278024740184113,-0.375,3.672461453082763,-0.10211135087210102,0.10211135087210102,satisfactory screening result
Micro-Vickers|SN=711-246|scale=HV 0.5|F=4.905N|mag=50X,Micro-Vickers,711-246,"HV 0,5",HV 0.5,0.5,4.905,,50X,3,"18,19,20",711-246_502_HMV_0.5_1_50X,42.603,0.2510717029057631,510.7746666666667,5.992215310995867,42.603,510.7746666666667,7.755928484351144,1.518463813987997,42.79433333333333,0.3868463303862852,506.258,9.217701882790537,42.79433333333333,506.258,8.00590290008662,1.5813879287016936,3.877964242175572,4.00295145004331,-4.516666666666708,11.146699417315638,-0.405202158735022,0.405202158735022,satisfactory screening result
Micro-Vickers|SN=711-246|scale=HV 1|F=9.81N|mag=50X,Micro-Vickers,711-246,HV 1,HV 1,1,9.81,,50X,3,"33,34,35",711-246_502_HMV_1_1_50X; 711-246_502_HMV_1_3_50X,60.518,0.4121701711672004,506.26866666666666,6.909359907642186,60.518,506.26866666666666,7.448952710080629,1.471343814169939,60.276999999999994,0.5592139572650175,510.36499999999995,9.401648366111138,60.276999999999994,510.36499999999995,8.069913205250547,1.5812042764003307,3.7244763550403146,4.0349566026252734,4.096333333333291,10.982276431473336,0.37299492130738005,0.37299492130738005,satisfactory screening result
Micro-Vickers|SN=711-246|scale=HV 2|F=19.62N|mag=50X,Micro-Vickers,711-246,HV 2,HV 2,2,19.62,,50X,3,"48,49,50",711-246_502_HMV_2_1_50X,84.92666666666666,0.22054780283043993,514.112,2.67601849769391,84.92666666666666,514.112,6.582756185981303,1.2804128645083763,84.86416666666668,0.2616420901409641,514.842,3.2052812669093114,84.86416666666668,514.842,6.684863018862199,1.2984300074318331,3.2913780929906515,3.3424315094310995,0.7300000000000182,9.38190133102169,0.07780938791012858,0.07780938791012858,satisfactory screening result
Vickers|SN=216-610|scale=HV 100|F=981N|mag=20X,Vickers,216-610,HV 100,HV 100,100,981.0,,20X,3,"57,58,59",,511.2326666666666,0.3402268850830516,709.5333333333334,0.9451631252505441,511.2326666666666,709.5333333333334,8.526854713149053,1.2017553386943134,511.089,0.3872102142247913,709.9666666666666,1.069267662156409,511.089,709.9666666666666,8.763612196397379,1.2343695285784373,4.263427356574526,4.381806098198689,0.4333333333331666,12.227352535524487,0.03543966955023097,0.03543966955023097,satisfactory screening result
Vickers|SN=216-610|scale=HV 20|F=196.2N|mag=20X,Vickers,216-610,HV 20,HV 20,20,196.2,,20X,3,"27,28,29",216-610_701_HV_20_1_20X,227.45366666666666,0.39907841752383433,716.7313333333333,2.518508553357179,227.45366666666666,716.7313333333333,9.57269720032157,1.3356046757159918,227.16983333333334,0.48426705786510826,717.44,3.021705975107473,227.16983333333334,717.44,10.042173382764933,1.399723096393417,4.786348600160785,5.021086691382466,0.7086666666667725,13.873780232458525,0.05107956553966489,0.05107956553966489,satisfactory screening result
Vickers|SN=216-610|scale=HV 3|F=29.43N|mag=50X,Vickers,216-610,HV 3,HV 3,3,29.43,,50X,3,"12,13,14",216-610_701_HV_3_1_50X,87.48933333333333,0.3245906396268036,726.6623333333333,5.394484714347895,87.48933333333333,726.6623333333333,11.41879541339894,1.5714032349824478,87.20833333333333,0.831253621545997,731.3793333333333,13.74869667762487,87.20833333333333,731.3793333333333,14.321884911648114,1.9582020244371294,5.70939770669947,7.160942455824057,4.7169999999999845,18.316803108499982,0.2575231044445219,0.2575231044445219,satisfactory screening result
Vickers|SN=216-610|scale=HV 50|F=490.5N|mag=20X,Vickers,216-610,HV 50,HV 50,50,490.5,,20X,3,"42,43,44",,360.7706666666666,0.3937338356470614,712.3666666666667,1.5502687938978095,360.7706666666666,712.3666666666667,9.046613100555899,1.2699377334550417,360.49399999999997,0.2637669425837595,713.4666666666667,1.0598742063723254,360.49399999999997,713.4666666666667,8.485219874474645,1.1892945067942409,4.523306550277949,4.242609937237322,1.1000000000000227,12.403232034809683,0.08868656144728017,0.08868656144728017,satisfactory screening result
Vickers|SN=221-101|scale=HV 100|F=981N|mag=20X,Vickers,221-101,HV 100,HV 100,100,981.0,,20X,3,"60,61,62",,456.06749999999994,0.1618401989618286,891.6,0.6557438524302365,456.06749999999994,891.6,10.001462902678426,1.1217432596095138,455.9176666666667,0.16750398005223446,892.1666666666666,0.6506407098647502,455.9176666666667,892.1666666666666,10.025307036011423,1.1237033853179252,5.000731451339213,5.0126535180057115,0.566666666666606,14.161074865982204,0.04001579484816192,0.04001579484816192,satisfactory screening result
Vickers|SN=221-101|scale=HV 20|F=196.2N|mag=20X,Vickers,221-101,HV 20,HV 20,20,196.2,,20X,3,"30,31,32",221-101_898_HV_20_1_20X,202.8216666666667,0.20328202904666934,901.3886666666667,1.8053731839521039,202.8216666666667,901.3886666666667,11.276255280425465,1.2509870267312138,202.56600000000003,0.37203628855261095,903.6693333333334,3.324583031499367,202.56600000000003,903.6693333333334,12.094224786386585,1.3383462667450539,5.6381276402127325,6.047112393193292,2.2806666666666615,16.53554372655979,0.13792510874640304,0.13792510874640304,satisfactory screening result
Vickers|SN=221-101|scale=HV 3|F=29.43N|mag=50X,Vickers,221-101,HV 3,HV 3,3,29.43,,50X,3,"15,16,17",221-101_898_HV_3_1_50X,78.17433333333334,0.07067059737496026,910.1296666666667,1.6455765960092394,78.17433333333334,910.1296666666667,14.1415117142299,1.5537908753181213,77.97449999999999,0.42185512916165846,914.8566666666666,9.907622587348305,77.97449999999999,914.8566666666666,15.364352792604343,1.6794273193182552,7.07075585711495,7.682176396302172,4.726999999999862,20.88170707340064,0.22637038166391907,0.22637038166391907,satisfactory screening result
Vickers|SN=221-101|scale=HV 50|F=490.5N|mag=20X,Vickers,221-101,HV 50,HV 50,50,490.5,,20X,3,"45,46,47",,321.80333333333334,0.12859756348131518,895.3000000000001,0.7211102550927884,321.80333333333334,895.3000000000001,10.299913222382063,1.1504426697623211,321.24916666666667,0.3292363639292121,898.3666666666667,1.8475208614068288,321.24916666666667,898.3666666666667,11.139197509649073,1.2399388716169055,5.1499566111910315,5.569598754824536,3.066666666666606,15.171352396789581,0.20213535263445237,0.20213535263445237,satisfactory screening result
Vickers|SN=293-250|scale=HV 100|F=981N|mag=20X,Vickers,293-250,HV 100,HV 100,100,981.0,,20X,3,"48,49,50",,1069.2361666666668,3.073468615966872,162.20000000000002,0.9539392014169495,1069.2361666666668,162.20000000000002,7.783484703767622,4.798695871619988,1069.5240000000001,3.0570189319008443,162.13333333333333,0.9018499505645844,1069.5240000000001,162.13333333333333,7.740602163803215,4.774220084582575,3.891742351883811,3.8703010819016077,-0.0666666666666913,10.977228976023937,-0.006073178104629338,0.006073178104629338,satisfactory screening result
Vickers|SN=293-250|scale=HV 20|F=196.2N|mag=20X,Vickers,293-250,HV 20,HV 20,20,196.2,,20X,3,"18,19,20",,479.2791666666667,1.8649494854642703,161.42666666666665,1.2526413426569096,479.2791666666667,161.42666666666665,4.91428485451625,3.044283175755503,479.32733333333334,2.410308607488544,161.39733333333334,1.6165730213427962,479.32733333333334,161.39733333333334,6.184761752680897,3.832009875843197,2.457142427258125,3.0923808763404486,-0.02933333333331234,7.899460334019804,-0.0037133338345893643,0.0037133338345893643,satisfactory screening result
Vickers|SN=293-250|scale=HV 3|F=29.43N|mag=20X,Vickers,293-250,HV 3,HV 3,3,29.43,,20X,3,"3,4,5",293-250_160_HV_3_1_20X,184.55616666666666,0.6166760359648734,163.59233333333333,0.7199863424630556,184.55616666666666,163.59233333333333,2.536343880391079,1.5504051007225763,184.5995,0.20798136935793063,163.24066666666667,0.4058131754062869,184.5995,163.24066666666667,2.078115781453364,1.2730380387975408,1.2681719401955396,1.039057890726682,-0.35166666666665947,3.2789640865253165,-0.10724931941518058,0.10724931941518058,satisfactory screening result
Vickers|SN=293-250|scale=HV 50|F=490.5N|mag=20X,Vickers,293-250,HV 50,HV 50,50,490.5,,20X,3,"33,34,35",,756.2575,2.7340092812571206,162.1,1.1532562594670857,756.2575,162.1,6.9688714625615775,4.299118730759764,756.645,2.873364795844793,162.03333333333333,1.250333288900737,756.645,162.03333333333333,7.300092025215836,4.505302628193275,3.4844357312807888,3.650046012607918,-0.06666666666666288,10.09239877523302,-0.006605631441185659,0.006605631441185659,satisfactory screening result
Vickers|SN=294-367|scale=HV 100|F=981N|mag=20X,Vickers,294-367,HV 100,HV 100,100,981.0,,20X,3,"51,52,53",,781.4813333333332,0.2645214232029707,303.6666666666667,0.23094010767587,781.4813333333332,303.6666666666667,3.4297305030488667,1.1294392435945773,781.7035,0.24270506793230529,303.5,0.19999999999998863,781.7035,303.5,3.3930863802520514,1.1179856277601488,1.7148652515244334,1.6965431901260257,-0.16666666666668561,4.824529666961931,-0.03454568179112012,0.03454568179112012,satisfactory screening result
Vickers|SN=294-367|scale=HV 20|F=196.2N|mag=20X,Vickers,294-367,HV 20,HV 20,20,196.2,,20X,3,"21,22,23",,349.19599999999997,0.35864362534416205,304.09,0.6248847893812371,349.19599999999997,304.09,3.798406277765244,1.2491059481618088,349.4751666666666,0.36651273283933045,303.6046666666667,0.6367961473920508,349.4751666666666,303.6046666666667,3.808153495754465,1.254313228306042,1.899203138882622,1.9040767478772325,-0.4853333333333012,5.378654413344789,-0.09023322489899294,0.09023322489899294,satisfactory screening result
Vickers|SN=294-367|scale=HV 3|F=29.43N|mag=20X,Vickers,294-367,HV 3,HV 3,3,29.43,,20X,3,"6,7,8",294-367_300_HV_3_1_20X,135.06199999999998,0.2846976466358858,304.9003333333333,1.2964201993695375,135.06199999999998,304.9003333333333,4.231866456585793,1.38795074781348,135.09083333333334,0.3326568552327366,304.4983333333334,1.5102365156932658,135.09083333333334,304.4983333333334,4.300884581348949,1.412449301205463,2.1159332282928967,2.1504422906744747,-0.40199999999992997,6.033763492917263,-0.06662508407427933,0.06662508407427933,satisfactory screening result
Vickers|SN=294-367|scale=HV 50|F=490.5N|mag=20X,Vickers,294-367,HV 50,HV 50,50,490.5,,20X,3,"36,37,38",,551.6933333333334,0.43959195094239495,304.6333333333334,0.47258156262525003,551.6933333333334,304.6333333333334,3.866439485960346,1.2692109046811506,551.7326666666667,0.4336004305041436,304.56666666666666,0.4618802153517072,551.7326666666667,304.56666666666666,3.850968128150784,1.2644089290196292,1.933219742980173,1.925484064075392,-0.06666666666671972,5.457042222910362,-0.012216630171346724,0.012216630171346724,satisfactory screening result
Vickers|SN=294-481|scale=HV 100|F=981N|mag=20X,Vickers,294-481,HV 100,HV 100,100,981.0,,20X,3,"54,55,56",,605.7116666666667,0.7088152674240176,505.4666666666667,1.1930353445448882,605.7116666666667,505.4666666666667,7.689477957589094,1.5212631147960487,605.5448333333334,0.9251257121782445,505.7333333333333,1.5275252316519465,605.5448333333334,505.7333333333333,8.955038972727902,1.7707037251637032,3.844738978794547,4.477519486363951,0.26666666666659467,11.803422989257149,0.02259231639070298,0.02259231639070298,satisfactory screening result
Vickers|SN=294-481|scale=HV 20|F=196.2N|mag=20X,Vickers,294-481,HV 20,HV 20,20,196.2,,20X,3,"24,25,26",294_481_503_HV_20_1_20X,270.09549999999996,0.3533797532400315,508.28399999999993,1.3283613966086347,270.09549999999996,508.28399999999993,6.497027380054938,1.2782277978561076,269.91833333333335,0.2894021135605649,508.95099999999996,1.0906067118810556,269.91833333333335,508.95099999999996,6.312982898154519,1.240391098191087,3.248513690027469,3.1564914490772593,0.66700000000003,9.05897995635132,0.07362859871793746,0.07362859871793746,satisfactory screening result
Vickers|SN=294-481|scale=HV 3|F=29.43N|mag=20X,Vickers,294-481,HV 3,HV 3,3,29.43,,20X,3,"9,10,11",294_481_503_HV_3_1_20X,103.873,0.17281565322620387,515.499,1.7125650352613928,103.873,515.499,7.414384294119623,1.4382926628605723,104.22816666666667,0.22259061825092818,511.9953333333333,2.1799087901408365,104.22816666666667,511.9953333333333,7.437905978595195,1.4527292524662065,3.7071921470598115,3.7189529892975974,-3.5036666666667315,10.502168338362791,-0.3336136456571907,0.3336136456571907,satisfactory screening result
Vickers|SN=294-481|scale=HV 50|F=490.5N|mag=20X,Vickers,294-481,HV 50,HV 50,50,490.5,,20X,3,"39,40,41",,426.5371666666667,0.19549062211096052,509.59999999999997,0.45825756949560137,426.5371666666667,509.59999999999997,5.811610962038745,1.1404260129589374,426.8151666666666,0.3608234794651522,508.9333333333334,0.8621678104251681,426.8151666666666,508.9333333333334,6.262378442535745,1.2304909174487315,2.9058054810193723,3.1311892212678725,-0.6666666666665719,8.543547608085609,-0.07803159732329916,0.07803159732329916,satisfactory screening result
